joint_0,joint_1,joint_2,joint_3,joint_4,joint_5,joint_6,joint_7,joint_8,joint_9,joint_10,joint_11
2.1783,-6.6093,22.9225,-8.9479,9.2484,-14.3311,-3.2843,1.0363,-14.8563,-7.4274,14.6186,-29.2457
-6.4976,0.505,18.7782,-6.8378,20.1773,-32.2999,0.4159,3.4964,0.9815,-6.0866,-1.1449,-12.6145
-1.9829,-1.4429,1.6102,2.0231,-1.212,1.1155,-2.0651,-5.9268,14.7416,2.0258,-1.2252,1.1292
-1.5477,13.1066,-24.8481,-6.0034,-0.9818,22.7038,-4.1437,-4.4916,12.9302,5.8997,-3.9863,28.5035
-4.5757,8.3107,-20.9705,5.4252,19.3546,-49.6116,2.0915,-13.7953,24.9651,1.689,13.9535,-32.1442
2.7302,10.9367,-26.5988,-5.1304,-2.2872,4.3076,6.597,4.7386,-1.1225,-4.2802,-7.6336,38.2511
-2.0145,-0.5775,-15.7253,2.4867,-4.3566,2.7496,-1.4867,-23.2853,29.5114,1.4982,-3.2651,-3.18
-4.9268,2.7625,-18.725,9.1653,3.373,-32.0689,-7.804,-16.73,48.9176,2.6659,20.7886,-41.5426
-3.557,-3.6608,19.7109,9.8572,-3.7327,20.1119,-2.7316,-17.8602,44.2189,5.8946,-1.1238,-22.3897
-0.0512,-17.6461,37.9799,-0.4414,2.9061,9.0195,-0.044,-0.553,6.9668,-4.8557,6.039,-7.7791
2.6744,-6.2814,11.6504,-9.0796,11.1501,-29.0841,4.7174,-5.0956,16.9771,-2.3294,-4.056,3.0111
1.2621,3.1232,-11.6967,2.0124,8.8905,-20.6665,-8.409,-4.2155,10.7904,-1.5447,-9.0444,17.8682
1.0774,15.1528,-14.4576,-7.9218,10.6701,-35.4172,-3.4925,-0.3346,-11.0545,-1.8357,10.4095,-38.6094
-3.2081,-2.9388,0.9786,8.763,-3.9517,-10.5702,-5.2931,-7.4618,17.3103,4.3954,-14.1822,35.5232
0.412,-3.0994,4.0268,-7.4391,2.444,14.2099,-1.308,-6.8152,16.2234,-3.3852,-1.8201,-0.2424
6.6685,8.5451,-39.0341,3.7746,-11.3866,30.0824,12.1289,-9.5212,21.9924,-2.8409,-5.1774,9.6313
1.896,-1.311,15.9332,-7.0915,-10.4374,24.6407,6.0569,-1.2862,-20.4303,-4.0463,14.6519,-22.0404
10.0838,0.3119,8.4394,6.5972,-9.6704,15.7065,5.5808,-5.802,29.0937,8.6198,-4.9096,-2.8175
-0.3078,-5.5805,28.0051,4.8836,-3.5701,-8.8142,1.8663,-0.687,22.475,1.6909,-6.1946,3.432
-8.9602,13.6279,-33.0409,-7.3496,0.0857,-8.8019,-2.057,-4.7894,10.8476,2.89,-6.5724,17.5784
0.8646,18.464,-26.776,5.1092,1.6091,-9.9502,-1.9378,-0.4659,0.4004,-0.1997,-5.6529,20.252
9.5477,-8.5344,19.7125,-1.4093,-3.3227,16.5167,-1.7953,14.3953,-39.1593,-1.9188,-3.6766,3.1247
-3.9891,-5.4462,13.5946,-1.3609,-1.4904,2.626,-3.5618,9.7514,-30.9297,-7.6194,14.6603,-33.801
-0.6691,-8.6738,25.6615,-0.7704,-3.366,3.1094,-9.5633,-9.5388,33.3559,-1.0944,-3.6002,4.1445
-11.3568,-19.5424,26.0913,5.5975,12.8765,-19.5495,-4.5603,-1.451,23.4905,2.4021,-3.1264,3.2836
-5.7246,8.5501,-21.8896,8.1135,12.9762,-20.834,-0.5322,-21.5472,47.3894,-0.1609,2.1522,20.589
-1.7609,-10.0787,13.9712,1.5219,3.3917,-34.1618,-4.4306,-10.7708,12.8906,5.8088,-4.8727,2.0336
1.6499,-1.9042,28.6023,9.3999,-14.2997,33.9888,-5.0272,7.9838,1.1322,-8.1493,-3.7809,26.798
1.5522,-4.3053,6.6069,-8.8156,18.0544,-49.3906,-0.2302,-11.5131,31.0468,-1.8682,-2.8546,3.402
4.1113,-0.6933,5.0227,1.4505,-2.4254,15.165,-1.019,19.0145,-38.4779,-8.2017,-1.309,17.1501
5.6463,8.6006,-17.6437,-0.0619,-1.5717,9.8586,6.546,15.3401,-30.4338,-9.766,-15.0602,30.1886
-2.0337,-5.6381,3.3528,6.9361,-7.5359,-5.2255,5.5701,-30.335,60.7594,-3.1455,-18.5664,30.0673
9.6197,-22.6511,46.7974,-10.327,-18.9542,23.3293,7.8984,-16.4669,15.2165,-11.8058,-15.9511,19.8911
-11.8138,10.5354,-11.5911,-0.5353,16.9494,-13.25,-7.5837,8.5296,3.563,3.2801,21.2268,-29.8709
-5.2014,7.3877,1.4543,8.6836,0.9042,-22.4169,-4.5948,0.3491,-9.1605,4.4318,-8.4967,26.1656
5.1977,-12.9453,45.1513,-11.2824,5.7812,-19.3634,-0.6313,15.3809,-32.3901,-1.7124,-3.9147,12.8618
1.7178,-6.1019,23.9307,2.4639,11.6219,-25.7103,-4.2097,19.7525,-39.4134,0.8253,-3.0571,6.1917
4.9261,-19.0982,40.2625,-1.2754,-1.7028,1.3534,-3.7482,3.2855,11.0589,-0.8515,-1.9087,1.1982
-3.9981,0.6509,-4.6853,2.7739,-0.54,2.4075,6.5634,-4.6488,32.6113,11.0997,-9.513,36.392
4.4663,15.8747,-40.7842,-8.0761,11.1255,-23.2705,3.3028,1.8472,5.108,-3.7121,0.0768,-2.4498
0.7227,-3.4618,-15.7857,-1.9857,6.7493,-1.8283,-6.4875,-3.4324,22.4127,0.6365,12.4387,-22.6326
-6.996,3.9388,-7.2748,0.3171,8.8359,-19.9617,-10.3925,-1.9735,17.0827,16.0276,-8.2045,14.9135
-7.2084,10.0949,-27.7915,-0.2964,16.894,-37.9031,-3.1682,-12.2881,25.1673,0.7511,-2.4358,1.955
-10.1508,13.6996,-42.9722,5.844,15.1423,-37.5135,-13.1456,-1.3572,10.9299,10.0341,15.3437,-41.8315
9.9401,6.5746,-25.4442,-14.5776,-4.8727,30.3415,7.6963,-1.4613,-25.4474,-3.8267,-4.409,3.5988
8.4829,9.7035,-28.6678,-0.5911,11.6521,-31.7119,2.9232,10.0771,-32.2485,-0.1966,-2.2146,0.4963
-2.9258,0.4283,27.1546,6.2419,-4.2305,-8.4618,-4.8984,-14.1514,44.1934,-6.8608,5.0181,-18.0055
-2.5401,3.6073,-7.8967,-4.4642,-1.1503,8.9117,-3.7536,-16.8568,42.4021,-1.4515,-1.4636,2.3692
0.3962,-7.0486,17.1308,0.8196,-6.4181,17.6318,4.6722,-10.0968,15.6038,-0.7693,-5.5817,13.9756
-4.8886,6.8112,-0.9798,7.9093,-2.0231,-14.5854,-11.3185,11.3795,-16.0681,3.9717,-10.0418,33.7687
-0.9216,13.6517,-25.061,-2.0022,9.2641,-36.4621,-6.0939,14.31,-26.3384,-9.8508,18.0761,-40.1682
9.7083,11.0553,-27.824,9.1581,-3.3159,19.1548,10.8127,-3.3597,23.6064,-4.2982,-4.1303,3.6125
-12.2984,17.1511,-31.4678,16.4643,-3.5006,19.5597,-4.2771,-3.3239,2.7324,8.0307,17.2104,-49.3094
-0.5011,-2.6178,2.4315,7.011,0.6124,-22.559,-6.1877,-5.4613,-8.2634,0.5041,-2.4476,2.4701
1.987,10.5869,-23.6203,6.295,13.8268,-33.6818,-1.8453,-1.5994,1.6339,6.3094,4.9234,-28.174
-11.0656,-5.292,-13.1602,8.7932,-3.6679,-20.8862,-2.349,-6.9252,6.2622,-4.3483,-0.9521,20.4791
7.3641,10.4938,-26.8603,-4.6861,-2.0324,1.1359,0.9236,5.5653,-24.6977,-4.9135,-10.5242,17.5294
-6.0669,17.9122,-44.7315,-8.0398,14.6587,-20.7233,1.1461,0.2121,0.6265,-5.3134,3.0501,-6.8115
6.7878,-2.7202,-2.7249,-5.6792,-2.286,-6.983,4.5694,7.6505,5.5638,-1.2205,-14.5586,33.5463
-7.8323,13.2128,-40.5994,0.731,-13.2379,34.8113,0.6188,-4.2379,4.3181,10.1513,-11.7676,20.5886
-5.2831,-6.2378,24.19,-0.527,12.7307,-20.75,1.0798,-11.7672,24.9593,-0.0415,-20.0004,48.6023
-7.7811,12.6038,-32.9504,1.677,-3.3076,3.3339,-0.873,-7.0337,10.8314,3.6088,-10.3498,34.5364
-0.2751,-5.5434,-13.4929,-1.7674,-1.0136,-6.2729,6.6726,1.3028,-0.5712,0.9794,-22.1249,48.2173
-1.6665,12.0371,-26.5337,3.1504,18.0518,-36.2655,1.6252,18.5296,-20.857,0.5543,-6.1332,9.2536
5.7281,-7.5942,25.7489,6.1944,4.1651,-26.6017,-0.8192,-4.1255,2.352,2.362,-6.6618,4.9992
-6.162,1.0318,-20.9701,1.0251,-8.857,30.4227,-1.3679,17.9467,-21.2959,8.2952,5.2799,-25.1901
-0.496,7.0328,-20.6732,3.002,6.3647,-33.2587,-6.3435,7.8386,-8.729,-5.5893,14.2285,-28.9456
3.8948,-4.205,1.5376,-1.6319,-6.1335,26.0393,3.6683,-6.4577,4.7111,-9.0838,-6.3459,23.7398
3.551,-3.2153,2.0786,-2.1447,-2.6556,18.9361,8.2312,-1.6761,-20.3616,-0.2111,-1.9756,14.5606
1.5729,-3.0522,2.338,8.8595,-2.5747,13.9235,7.6072,-5.391,24.7886,-2.4863,-16.8145,31.9044
6.1651,-2.1403,3.5629,-7.9137,-8.4381,45.5856,1.3156,-17.3321,36.335,-6.8283,-11.7712,18.9262
8.9358,-12.8133,42.517,-3.0848,-9.3483,13.7204,-3.7347,2.1666,-27.5766,-12.8567,5.7914,-7.2896
-3.3008,-16.4863,38.2191,8.5747,-24.9156,37.4504,-8.602,10.0893,-12.6738,-7.1769,25.0441,-35.9006
-3.8305,1.2386,-6.5118,-5.5595,10.539,-16.3549,-9.5888,1.8344,-22.2744,1.7688,7.4105,-8.2859
3.4736,0.2558,-11.3326,-7.7636,12.3296,-28.8595,-4.467,3.4068,-29.5559,-8.4477,12.2186,-24.8255
-6.6943,-3.8919,-22.6041,0.1321,4.5958,-28.1619,-1.0176,-5.7893,2.4569,-5.1792,-1.6479,-27.2461
-1.1867,-1.2551,2.2018,4.8979,20.1633,-51.533,0.6945,-18.8108,27.5054,0.8291,2.834,-9.0562
1.0928,-5.6621,15.3864,-7.571,12.8144,-35.544,-11.5172,-6.1593,22.7324,-0.9346,-2.1371,2.7868
9.7248,-5.7744,14.6414,0.171,-24.0367,55.1778,2.2744,-0.545,1.3399,-8.7027,-4.6181,-3.3901
-6.4334,6.231,13.3053,2.127,-15.2163,38.5094,0.4746,6.4022,22.6986,-7.1083,17.4234,-37.7173
-6.4604,-18.1076,40.9885,1.9565,14.9202,-31.7562,-3.1681,-6.5853,21.2155,3.4008,11.2632,-30.4154
-8.7655,-6.7602,-6.9095,6.62,-3.322,-14.2706,-4.8572,-9.0091,15.82,3.1988,4.4768,-21.3259
13.1097,11.9889,-30.1103,-11.4436,-0.1265,-17.8253,16.8073,7.451,-20.0551,-6.325,18.6641,-26.0618
1.4501,8.3017,-26.7365,-9.5344,-7.4027,30.6675,9.7846,-12.3998,29.4246,-2.8556,-6.9409,4.4944
-5.9859,12.4635,-23.38,8.5077,-8.7421,35.8073,9.2747,5.924,-7.3012,-8.7429,19.0033,-40.285
2.2231,-19.9422,17.8805,2.3364,13.5093,-27.5498,-3.4866,-7.6598,6.7923,-4.5388,-8.6374,-11.0776
-3.1123,3.8104,-14.9655,0.005,-6.3793,26.5367,-2.9611,-5.2529,13.7388,4.3518,5.1504,-13.4886
-1.436,3.1279,-10.0763,-2.7259,-22.129,43.4828,-3.859,9.5484,-5.2701,-0.7398,-4.3432,4.1454
0.7174,6.8795,-14.0497,-7.2831,-1.4085,18.9984,-3.0802,4.2767,-10.8135,-2.3952,5.5148,13.4424
-0.7092,5.7242,-17.3908,-1.4027,2.8448,-9.5327,-5.3248,1.5149,25.127,3.6503,-2.8863,-20.3232
-2.2956,10.8646,-22.6284,3.9318,5.9535,-6.4532,-0.7402,6.8766,17.7374,3.5897,13.0695,-30.2953
1.4031,14.6175,-31.6714,-9.7209,9.6836,-17.2822,9.7747,11.7458,-19.2786,-9.0401,11.9822,-26.2541
-9.9582,-1.0987,-12.9981,-0.4039,11.9375,-35.1488,-10.4316,-2.6461,26.7006,13.1217,6.442,-21.2457
-2.2532,-5.7703,38.9727,-0.9223,15.8094,-40.6992,-10.3695,-3.6899,1.4913,12.0509,-4.4255,16.1798
-4.5982,-3.1433,4.8478,9.9286,0.435,10.3895,0.3379,10.579,-25.9291,11.3882,-2.3074,15.9614
2.805,14.7048,-22.1984,4.5396,-3.2192,6.6965,3.6937,-5.5065,9.2369,-11.7387,-3.9389,18.0629
-0.5314,-8.6148,31.0835,-4.8341,8.5406,-33.2736,0.6136,6.6038,-5.7286,5.1312,-4.6436,21.1366
8.6362,26.5108,-42.5879,-10.9893,-15.6538,39.7371,18.7903,-18.091,42.861,-15.4769,0.4308,9.499
-1.7652,6.7718,-21.487,-6.6181,-0.6851,9.2913,0.3952,-7.8276,6.8437,0.5715,-11.1694,28.175
-0.9069,14.4537,-21.1872,-6.7723,9.331,-25.3582,0.9103,-4.8362,3.6009,1.3435,-16.7981,44.6576
3.264,14.3829,-33.7449,2.8249,20.7645,-33.9834,-1.635,18.1294,-26.1762,-5.0442,23.1053,-55.6841
-0.9578,9.1602,-31.5193,-8.9186,0.9708,-14.1152,1.8893,-0.7455,-4.1327,-2.1137,-7.8751,16.2244
0.4591,1.8088,-13.3824,0.1128,9.6656,-27.1211,4.9761,3.6935,-29.5309,-8.6117,-21.3786,28.376
-2.2271,-3.2909,2.7303,-9.0282,12.072,-30.3674,-2.2124,-3.4133,2.9929,-2.3097,-15.2842,23.3618
-2.3039,-12.3356,36.9913,7.0513,17.7264,-49.0621,-9.9192,-6.9019,-7.1907,5.3191,-8.227,20.7178
-4.7795,-2.7125,-12.7438,-5.804,5.1528,-31.4678,-4.9329,8.4892,-17.8124,-1.9827,-7.1756,18.3136
-7.4992,12.3129,-31.257,-0.2425,1.0163,18.3121,-4.9171,-2.9276,3.8897,11.7205,-6.5993,14.0608
-7.1155,1.1864,-19.129,-1.8599,4.4066,-31.4545,3.0388,-8.7106,19.9372,11.0605,-7.8175,17.283
10.5278,-11.7236,24.8497,-0.8999,-1.4406,3.1643,-1.6017,-8.7641,26.6309,-6.133,-23.3984,27.2946
-5.1587,-10.801,23.0547,3.0201,-0.6574,1.6685,-2.8792,-0.46,1.2059,9.9687,-4.9887,-3.7283
-1.6789,-4.103,33.868,-0.9538,-2.2188,1.738,2.5865,-4.1135,2.2285,-1.2986,-1.1962,-2.1894
13.0225,-8.3763,36.3642,-7.2501,11.321,-18.7589,7.2266,-12.5154,24.4167,-4.8426,-9.6711,21.2192
4.1895,-5.6707,28.5247,5.0277,-5.3843,26.2807,2.1486,-9.7502,20.8299,9.5928,-2.7671,1.7767
10.8054,-22.7462,52.6908,-0.3231,-18.4857,43.6456,7.2611,14.377,-11.5532,-4.8992,3.085,-3.6129
3.5319,-15.1183,20.6101,1.564,2.5686,-18.4578,-6.4182,1.2299,2.9876,0.0203,-4.5589,3.8074
-14.3751,5.842,-17.3818,12.7742,-4.6961,34.0442,-6.2158,-16.5248,52.7367,6.3011,-3.0747,18.7796
-4.4383,1.563,-11.1427,4.9895,19.0474,-46.1761,-5.7395,-7.3019,6.9459,13.4286,-23.5166,40.4141
-8.9427,1.2149,-25.6678,3.992,3.3438,-17.241,-5.1458,-2.9198,3.441,-1.4787,8.9167,-37.251
-9.1022,9.8463,-20.7522,1.9232,15.0256,-25.547,-4.6597,-4.0335,4.1595,4.9012,-2.8994,1.7668
-2.5235,14.8998,-35.4935,-0.4741,-3.4735,2.9796,-4.871,-9.8235,9.9645,-0.2889,-4.2289,5.8351
-1.1197,5.7184,-20.4736,-1.8002,-17.8171,43.754,7.5268,21.6027,-24.5191,-2.434,-0.1844,1.4547
-2.5904,5.2678,-22.6723,-6.262,-3.5514,-9.5494,-6.8596,6.4037,-16.0119,0.2983,-6.0738,15.8065
-12.4635,21.9026,-38.3739,1.5431,-5.6895,13.7402,-9.1874,12.9684,-29.8254,4.0722,-14.0204,30.7034
2.2233,-1.9683,1.8613,-4.0969,3.7507,19.8066,8.4985,-7.253,39.0415,-7.2828,-0.6714,17.0974
-3.4821,4.8791,-3.5779,-1.3325,-2.2738,2.6777,2.4217,-10.1124,29.2392,-1.1848,-2.0232,2.337
1.5878,15.4853,-32.8207,-1.9126,-21.8071,32.2834,2.9135,-5.3447,3.9979,4.7699,-10.0078,18.6819
1.5055,13.2533,-17.9126,2.54,-18.9162,33.1137,2.5592,16.2738,-25.9876,-3.1017,11.0727,-4.9112
1.2068,14.187,-30.1571,-6.9073,-9.3145,14.2998,2.4789,-4.5158,2.9097,-5.422,21.4655,-63.8678
5.4947,2.4114,-27.1021,2.3568,-8.0236,16.2863,-5.5269,17.567,-42.799,-0.3035,-6.8835,18.4414
9.0115,-2.5789,30.4148,-2.7054,15.3163,-7.5904,8.1469,24.1327,-33.9681,-4.3667,1.8843,3.7909
5.0037,-20.5768,27.5613,-10.0052,22.1944,-40.5733,4.4586,-22.0937,48.0547,-1.2365,0.289,4.2905
2.2632,8.2682,-19.0772,-13.9938,26.6972,-58.3783,2.1176,1.5701,-27.8014,-7.3051,2.5926,-29.1855
-6.4775,0.6883,-3.4085,1.5454,13.3503,-42.8262,0.6819,-2.6888,27.718,1.8841,13.1388,-43.4211
4.5172,1.8104,-12.1925,-11.2172,16.2821,-35.555,5.7083,9.3417,-21.0299,-7.9994,-9.3167,32.1263
-1.0144,-4.8278,11.0209,-2.8492,19.5834,-48.0744,-1.727,-1.7062,1.7095,-2.3276,3.5833,16.0086
8.8154,-4.8286,3.2573,-2.2917,1.1554,-0.7631,-1.0193,-5.5199,4.9515,0.6228,-9.4351,19.3744
-3.8069,-19.3048,43.3002,0.9598,-0.8435,0.8241,-2.6496,17.5501,-27.2656,0.9335,-0.6627,0.5637
-2.3759,13.5127,-30.8916,2.098,17.0188,-38.3539,3.7373,-3.5176,27.2632,9.3249,0.9579,18.578
-1.9297,-8.2607,-5.0625,4.032,20.4474,-62.987,-3.8615,-5.9745,4.794,11.3455,-19.6434,28.3554
-1.3771,16.386,-30.1338,-0.9544,33.2807,-73.0508,-0.4732,0.641,-0.6186,0.6047,0.911,-1.3075
0.9695,6.7194,-4.7153,-1.0284,1.3942,-12.0726,0.545,-2.9009,1.8416,-1.0906,-4.7524,3.7603
0.1342,-1.0227,-1.1261,-2.2725,12.3585,-40.4618,4.8818,0.8949,5.2716,-1.1064,-20.3653,46.0902
2.094,-3.8253,1.3071,-1.9995,-5.1903,3.336,6.3413,-5.27,18.3452,-2.7073,-18.8026,24.0014
-7.1367,6.2858,-21.3862,5.9375,-6.9999,23.2466,5.1591,-3.0606,16.2255,-2.1807,3.2776,5.9702
3.9161,5.1287,-23.8869,4.0691,-23.7543,42.8292,-3.68,0.0261,-2.1924,10.0889,-14.6366,17.896
8.0666,4.9407,25.8008,-11.2154,18.1094,-43.8679,2.0821,2.3791,-4.2101,-8.2891,23.7741,-17.5028
6.3246,5.5648,-24.4944,-1.87,14.959,-22.3102,-0.0728,10.4909,-36.525,-3.6681,-0.4511,5.3402
0.1172,2.844,0.7869,5.0046,2.2562,-20.1712,-2.8702,24.5633,-43.1599,-1.9503,21.7218,-24.3079
-7.7257,6.7594,-9.5915,5.4712,-0.354,-21.7369,-8.5093,17.1335,-36.4971,0.5539,-1.9481,1.8848
8.3887,-3.8119,30.3538,3.1222,11.0175,-20.7802,10.0943,-16.9365,35.7011,-2.7487,15.8401,-25.3114
-9.0484,1.1372,18.3006,6.4525,12.0389,-19.9361,4.8519,-14.9976,35.0977,5.2853,19.1927,-31.1395
0.6616,-1.1222,2.1554,2.2012,7.951,-17.3624,5.806,8.868,-17.3906,-6.6837,2.2646,-12.6572
6.1218,-3.2275,29.3737,-0.9181,9.6361,-22.0419,-8.1479,13.7394,-30.6316,5.7586,3.5963,-24.1474
-6.0027,-0.5478,4.3283,9.0462,-1.3587,-10.2687,-13.9205,14.3137,-32.1415,10.2938,16.5283,-31.8931
3.4017,-16.2562,21.1925,0.1506,-8.2801,40.8487,-6.438,16.0817,-36.9097,-7.0857,-0.7001,-14.0517
5.0197,14.4818,-18.5164,-5.9134,0.0517,1.4615,10.3821,14.3712,-34.0581,-10.3131,-14.6099,34.2073
-0.6907,5.1872,-13.0662,5.6729,-8.1441,30.0006,-6.3747,-7.943,34.3314,0.0362,-5.474,4.3523
5.0415,-4.2319,25.5176,-2.4998,-12.6256,18.9799,-1.0087,-2.8543,3.0846,-1.2896,17.8119,-37.1973
6.9917,-0.5676,-27.2499,-7.6074,3.3785,-10.7896,0.946,-8.7955,16.2192,-11.8217,-17.8857,38.3798
3.9616,-11.9487,38.1627,6.9263,1.6476,-24.5665,-2.7401,-0.9509,1.611,1.245,19.8273,-34.0663
8.7416,13.1412,-21.862,7.3431,-13.0302,29.7674,-0.878,-4.7005,4.8074,5.9186,-9.1045,0.8258
0.6565,16.8783,-28.8994,-0.3264,-1.47,1.2114,0.4309,-5.2634,14.0225,0.4893,-12.0691,21.4407
-6.5529,18.5421,-41.3082,1.4193,-13.0053,44.6349,4.6294,3.6223,-13.1701,-1.3538,8.5323,-2.9259
-6.8018,-1.3402,-15.2031,-5.8711,9.9812,-30.3792,-0.1168,-9.3265,15.5061,-1.5818,-8.1347,-6.0271
3.0197,12.7258,-24.0625,4.8605,11.1496,-30.8664,0.0027,-3.6972,3.5217,-3.0657,11.4981,-29.8446
9.6253,6.4679,-19.7437,-11.2352,-4.7725,14.1662,5.4864,6.9552,-20.9258,-15.1351,4.6903,-16.1914
8.3304,0.7494,-26.3827,-8.5068,-3.4042,-11.2475,3.927,-7.7373,19.904,-3.3854,-3.443,3.8309
-1.7329,0.5093,1.1172,4.9866,13.1714,-27.9885,-1.46,-3.644,15.3852,1.7025,2.6072,-2.6425
1.4257,-12.8469,37.7212,3.8506,-0.9222,14.3234,9.2339,-7.1886,15.6823,-0.7426,-3.8751,3.4139
1.9929,-15.0647,25.4542,-0.0083,16.0916,-30.6421,0.9473,-15.4634,21.0296,-0.5522,-4.3192,4.6009
0.8918,-11.2704,22.1311,1.1376,3.5119,-13.3542,-0.7195,10.4766,-7.7025,1.6766,21.3351,-36.2257
-10.7561,5.644,-2.3147,6.0431,5.3482,-20.4046,-4.8965,0.2919,0.4256,9.4927,3.5269,14.7245
6.2879,-20.4797,46.1086,1.0517,-1.7848,1.0986,-0.9857,-2.8433,2.7605,-6.744,-18.6154,39.0508
1.3868,4.5688,-9.1807,4.2387,-5.6073,27.7338,1.9636,-2.2203,1.891,-2.6501,-6.8035,-23.801
-2.1517,2.0833,-9.665,5.6246,-7.3136,-13.7138,1.2915,-1.3558,-3.0681,1.4502,-23.1088,33.9955
-4.2323,6.9326,-22.553,-7.4651,18.8955,-23.9349,-2.5783,-12.396,25.8401,8.2805,-2.8876,-23.1465
-6.2341,-0.1999,-14.3593,0.0408,-3.2085,2.1768,-4.3628,3.528,11.4501,2.7307,18.2414,-52.5151
-5.2957,0.9364,-27.8849,11.1294,-12.3882,26.7572,6.4257,-14.0548,35.9312,5.081,-7.0321,24.0535
-5.9512,2.4192,18.0814,1.1753,-3.2003,2.5979,-1.1235,-4.3837,4.6996,4.3258,-10.6867,24.0284
6.9758,0.1774,-30.3285,-7.6279,-3.8213,-17.4066,5.1319,0.2125,-30.3475,0.1415,-18.8967,51.4789
0.0246,-4.9794,3.9739,-6.3516,-2.842,-4.8828,9.5082,-29.2039,61.2913,1.5453,-20.5341,52.9954
-1.0091,30.9043,-46.5317,-0.9833,-1.5272,2.8795,6.4357,-19.6588,39.8533,0.4252,-7.7848,24.1954
-5.0887,22.8615,-44.0407,-3.9192,9.31,-11.3438,-5.8919,1.5507,-3.5555,2.8487,-5.8254,13.0562
-6.2641,23.0978,-51.8602,0.7361,-2.3192,3.3728,-0.7112,-1.9423,3.0046,0.8022,-11.4326,15.2332
-10.1237,12.2687,-23.3908,4.0817,-16.4151,18.2159,-7.9042,1.9989,-10.759,4.0746,-7.7111,23.5887
9.9616,7.4713,-37.7213,1.825,-6.1884,6.7433,-0.0084,13.0347,-22.9145,-1.1245,-4.8688,1.6141
-7.4146,10.7501,-33.3094,-8.5052,14.8596,-22.9449,-0.9549,3.0431,-11.305,-1.2723,17.0063,-29.3598
-10.9153,24.5848,-56.0383,5.2398,7.4272,-36.6754,-3.906,-3.8107,16.6297,8.4109,-5.3788,21.6779
-5.493,12.8646,-20.0747,-2.7504,0.3951,0.0595,0.5539,17.5828,-22.1561,-2.6617,0.1255,0.5466
-1.9965,3.082,-26.3117,-1.709,-3.4616,0.6817,2.7101,-9.5928,19.3844,-3.0493,4.9881,-7.7981
-2.8829,-6.4242,26.6249,-2.7389,13.669,-25.0743,-5.2058,21.7854,-54.1213,-2.0715,16.415,-24.4078
-2.8706,-19.6579,57.9867,-0.2632,-8.5174,21.5822,4.9619,13.8076,-35.2377,5.8292,-11.7329,39.437
0.0782,-11.2645,33.38,0.9895,-5.5099,10.621,-6.146,7.6821,-16.4293,4.491,-7.6786,25.0441
4.8969,-5.8447,28.3894,2.1176,-6.1935,5.7782,-7.4816,10.7237,-30.549,5.1386,-25.3479,43.695
-14.4364,7.1174,-31.8514,0.8532,0.8829,-0.3908,-0.8719,1.0463,-0.6758,2.5514,9.1979,-20.4436
4.2627,8.0268,-16.8199,-3.1925,-0.2709,3.1196,3.5919,1.2017,-0.6914,0.0126,6.0045,-18.8443
5.9523,-8.1775,31.6963,-3.5344,-4.5356,21.8792,1.8677,13.6475,-25.4221,-10.2321,19.5802,-55.4447
-7.4969,-3.9077,22.6389,-0.887,6.1612,10.6715,3.8133,15.3887,-29.1485,2.7447,14.234,-45.3264
-5.1246,5.0008,8.8544,1.4004,0.7458,-0.455,-1.4532,0.3773,0.2409,-6.4293,1.9634,-9.9781
3.5403,3.9703,-31.0956,3.0808,2.0593,-2.5721,-1.3629,-3.3026,13.3218,2.6528,19.7346,-34.7074
5.0356,8.2401,-32.8025,-5.911,-6.7281,18.0313,1.4646,19.9238,-13.7892,-4.2852,24.9071,-41.8971
2.1075,1.6186,-1.0895,-1.5072,-16.0496,37.9853,2.2505,1.7466,-1.1475,-7.3264,18.6368,-30.9358
4.1871,-16.0466,31.1312,0.7625,-5.812,6.4943,-0.1825,-5.843,-10.7649,7.6244,-5.0322,-7.5191
11.3447,-4.0029,20.1281,-3.7976,-8.8544,32.8176,6.9306,-5.019,32.1751,-9.9036,1.9007,19.2571
11.9367,-6.683,28.128,0.9681,-0.8341,-19.2723,4.1615,2.9932,13.357,-3.7787,-22.2377,49.4152
-10.9575,18.2433,-52.8518,6.4939,1.4571,-16.6564,-3.8454,-0.4223,-4.0088,2.4004,-18.3647,34.2081
-6.4904,7.0427,-28.4635,-8.0002,-0.3723,-10.5366,1.0811,-5.6754,34.9477,-0.0397,-0.9886,15.9703
9.6185,1.8679,-13.2514,-1.906,5.2782,21.3164,1.026,2.2479,-2.158,-2.1764,-1.6441,12.584
5.5385,8.4253,-24.6264,4.3844,-17.0769,49.7494,-1.7884,-8.0084,18.8574,4.2717,-4.0695,11.4689
-0.2062,1.3092,-4.2946,-3.11,-4.1497,20.4765,3.8577,13.0319,-36.9832,-6.7442,-4.2032,8.3588
0.0776,-1.7382,4.7753,-8.6992,13.5778,-34.9495,-4.4257,-22.1463,51.4181,-3.6337,-8.3899,34.0129
11.4946,5.0266,0.679,-3.3486,20.8476,-51.8674,0.1522,-2.4471,2.0095,-2.8365,-8.1193,29.1683
18.1208,-22.4749,52.2584,-11.9269,17.6638,-48.0494,7.148,24.8921,-41.7298,-5.8841,-23.5615,44.9826
-8.239,19.3422,-47.8336,12.0125,-21.8356,58.1663,-6.6859,21.4765,-43.7407,-0.2507,17.1032,-29.4151
-9.2467,-9.7915,34.067,8.1978,-3.3699,-4.6627,-2.5281,-0.9934,1.9139,2.9273,-0.3981,-0.2561
-4.0165,-3.7484,3.1338,9.1856,12.8397,-32.7104,-3.7636,-10.3476,38.6028,4.0259,-3.5286,3.2153
-11.5471,5.1644,-4.509,10.9742,10.9994,-20.8647,-10.0279,1.3998,-24.6732,6.4267,1.0608,3.5533
-2.2792,-0.4513,4.9949,-5.3682,14.3632,-24.0355,-6.2791,19.52,-37.8627,1.0876,21.0242,-23.7596
-5.8568,14.2593,-32.8473,-6.407,1.8585,-15.9842,4.6403,12.9432,-29.2799,0.4296,-1.0586,1.0865
1.6686,7.15,-33.4026,1.5693,-14.8829,35.0246,-5.9497,-14.3657,46.4748,2.5794,-16.7021,11.6251
1.1852,1.2899,-24.6874,-3.9859,-1.3662,0.6589,8.9502,10.5057,-30.7018,-6.6646,-9.8761,32.5804
1.3695,3.7406,-11.8105,1.0826,2.2075,-0.8066,-6.1069,3.6985,-32.5051,11.1818,-11.4188,29.4321
5.691,-1.7847,-5.2735,-2.7408,-2.2043,1.803,2.3394,-4.2367,22.6911,2.1381,-1.2368,-21.8521
-7.8069,12.5702,-23.7937,2.1098,-2.2376,8.5635,-2.1003,-0.7185,18.1882,5.1762,2.7232,-22.8465
-0.294,1.8173,6.9025,-0.2102,-1.1806,2.6376,-1.8742,15.138,-35.209,5.7735,4.0095,14.8809
4.6462,-8.6063,25.3898,-6.3586,-0.5838,11.4001,2.798,6.2872,-9.7262,-3.7443,-12.6168,35.303
-7.4919,-9.7143,31.3724,-6.3672,-0.1645,16.1235,-1.5945,-0.1475,1.2892,1.3412,-6.8154,20.0945
-0.2946,-12.4626,26.0246,4.562,-0.6183,7.8064,-0.9807,-14.832,14.3395,-1.227,-13.1299,21.3307
-7.2574,1.2988,-0.2441,7.3662,-19.997,36.8145,-4.0407,-0.642,-0.5726,8.9124,-5.4421,-3.3203
-4.5647,3.4231,-32.2838,0.2591,-20.3901,27.4597,0.9414,-13.1271,11.4683,-0.7928,-3.808,3.2431
-5.0486,5.5247,-25.712,-10.548,9.2677,11.6536,-2.9342,12.3344,-18.6725,-7.3997,14.2349,-18.6535
0.0168,-2.7035,0.9334,-0.8027,2.386,14.0376,-0.3363,-4.395,4.0163,9.4318,-22.5241,45.4016
1.8455,3.7477,-18.6641,0.1974,-13.4923,32.7342,-0.9482,-3.3503,-2.3465,7.02,-7.9458,30.1952
5.9688,-3.4199,12.1991,-2.6735,-1.5322,-1.8433,0.856,2.4395,-11.2092,4.9419,-8.2107,28.562
6.2875,-2.7394,27.2681,2.5071,17.8624,-49.7444,-5.7287,4.689,-15.31,10.3226,-5.6899,20.6827
1.4046,-0.7968,0.9037,-8.0671,11.5537,-31.355,-4.2289,0.7609,14.2774,7.1937,-10.7337,23.9945
-6.7607,-12.1287,32.136,7.4263,-6.5364,-12.0845,-7.3403,-8.09,19.8061,-3.0822,-11.6532,25.9925
-10.5944,1.3265,13.9599,9.2525,-0.0974,13.493,-8.9457,-13.4281,24.0988,10.4243,-8.9841,21.5479
-8.0808,1.1,-21.8996,5.0588,-0.8583,13.6549,3.9057,-2.1334,-16.2475,-6.8242,-7.6141,14.3149
-0.9709,-3.2574,2.3157,6.6505,-18.4171,36.0975,-0.8839,-4.0013,3.6518,3.3371,-11.7145,15.1385
7.8237,2.8397,-20.7143,-7.7682,12.3569,-36.2916,1.3913,-4.5136,2.4319,-0.6363,-18.2973,33.942
6.1535,-13.2891,37.7223,0.5285,-2.6182,2.2536,0.3213,-6.0908,13.7135,-2.1434,-10.7305,28.606
1.4184,-2.9577,2.9491,6.7377,-23.2611,48.034,1.5775,-3.5433,3.0808,-5.315,-11.7764,27.1959
-3.7756,1.7901,-11.4024,8.7519,-5.1989,25.1357,-2.6208,-2.7355,2.7691,11.0709,-21.6602,33.9735
-5.4592,7.2766,-23.9173,9.8749,-7.4658,25.9256,-10.6732,10.9398,-37.6149,7.9233,12.944,-31.1038
2.7926,1.4746,24.316,-7.9284,-5.1717,11.5733,0.8196,-3.7061,2.6104,-5.4501,10.6817,-29.9115
2.2878,-13.1062,41.8749,-8.1891,-9.0653,25.7622,0.469,15.4973,-31.3219,-3.2792,-4.2587,32.3493
-3.8675,4.9362,-32.1319,-2.2921,-3.7113,3.8207,1.7604,12.1341,-25.192,-5.9613,-20.2986,48.1162
-1.037,-3.5457,5.9246,6.5414,11.0727,-29.0737,4.1425,1.28,-12.3447,8.2886,-8.1982,4.693
7.7524,18.3933,-25.1197,1.6472,-5.562,34.5563,-6.4854,5.1796,-19.6309,1.9964,2.585,11.1723
7.825,-13.6151,38.2599,-1.7316,-3.0098,3.8349,1.5737,-1.558,1.8448,-1.3055,0.5188,15.9676
6.6209,-20.3352,35.9497,5.3841,-7.3566,34.9019,0.3516,-0.1388,-0.6834,-0.1211,-0.5843,2.3132
9.0383,-8.9058,11.0741,-13.2877,-14.6867,24.5682,1.5063,-2.7881,3.4553,-2.9854,-10.0572,31.8597
-7.2752,10.1589,-17.3832,-1.9543,-12.5093,13.8328,2.3931,0.0513,-8.0192,2.29,-1.9387,2.4086
-1.5148,26.6102,-39.407,11.4251,-3.1192,14.6288,-10.2223,-9.8251,32.4969,10.354,7.05,-7.1973
-6.2726,8.8066,-25.5226,1.1467,-4.5319,6.9426,0.1696,-26.3348,33.4533,-12.0042,-5.737,-0.0738
5.2083,6.4187,-18.0937,-0.8061,-0.2553,0.6675,4.6826,-2.6848,27.2379,-0.9771,11.6314,-20.8826
5.5425,12.5601,-26.1397,-10.0865,12.4336,-33.171,5.7732,-4.3085,7.2974,-1.9398,-3.2279,2.4503
0.4758,6.2196,-29.1871,7.0831,-1.8535,16.4298,-8.3553,6.7821,-15.3934,-3.559,2.5113,10.3733
0.1816,-2.5295,2.3982,5.9212,-4.2737,19.8179,5.5379,2.6508,33.1883,-0.1279,-2.6708,2.4338
2.3853,6.3189,-16.8284,-5.7694,-3.3194,29.7913,2.7095,-2.7983,13.9054,-3.9069,16.4092,-13.466
2.0707,12.5495,-42.6948,-8.6463,5.9372,-10.8262,13.6156,-7.5533,13.0223,-1.1681,-9.5148,25.7762
3.0347,15.8306,-54.002,3.9425,-6.1395,29.7073,-1.4639,4.6333,1.9148,-8.7381,11.8497,-28.9978
1.7195,4.1797,13.4676,2.2184,-1.061,1.7609,-2.452,-1.3138,1.8819,-5.2299,0.6745,2.4458
2.319,0.9925,20.6816,-8.4194,-2.4765,7.624,-1.994,3.5421,-6.2198,-5.2949,15.4223,-29.5005
0.4717,-19.288,45.6153,4.6806,-13.7275,44.8702,6.5614,-6.9739,14.8356,-4.024,-2.7373,-10.6051
-0.9273,-4.6447,12.4255,6.4467,-7.7894,26.2742,3.758,-11.8252,31.2884,11.9548,-1.0076,21.4738
9.4427,21.6183,-40.196,-13.9983,-18.3843,34.7542,10.0278,13.2289,-20.1075,-9.9557,-3.4918,5.9339
1.6265,-11.2101,37.4575,0.7554,-1.526,2.5007,-3.8534,19.2809,-34.5294,0.8828,-0.6729,1.245
5.3768,-23.1725,56.8745,3.282,-18.035,21.0561,-3.7661,3.1961,-14.9892,8.7647,-1.2794,5.7805
3.8514,-8.7507,26.0354,0.5299,-2.6168,2.9837,-4.7106,12.0635,-43.6148,0.6292,-2.2426,2.5368
-5.9261,-23.5674,43.6574,1.0859,-23.2884,37.4916,-4.0073,8.9803,-43.0346,-11.9839,0.4086,24.3203
3.8538,-17.9465,54.0083,-1.272,-9.1747,13.3074,-0.714,3.3153,7.1733,-7.8072,-9.0711,6.2587
2.0233,-9.3936,28.1562,-5.1373,13.089,-28.509,8.7162,-12.2347,25.0518,-2.0953,-2.5238,2.4929
6.6616,0.3778,-24.4775,-2.8488,-3.2795,16.0069,15.4752,-9.0739,18.7319,-2.8467,-11.21,17.769
-7.2505,4.7791,18.0955,-0.7658,-4.2366,11.2698,-1.5674,-13.1796,20.0809,9.5489,-8.821,11.0233
0.1529,-8.6504,35.0417,12.9052,-8.1174,16.3266,-3.3024,12.4369,-20.9112,1.1843,14.7964,-20.6764
-0.19,-6.1404,23.3737,-2.5457,8.9962,-4.0743,1.8132,12.7198,-20.6994,4.5548,13.4663,-20.7506
14.6309,-4.9529,5.601,-3.8758,-3.7602,2.0406,3.9267,-4.062,2.3951,-4.3234,-4.9711,4.5323
-0.2142,-5.5015,7.1836,-3.8661,5.6122,13.985,-1.6607,15.0895,-19.4427,-0.2021,-0.8841,1.0997
1.2717,-3.8633,26.8725,-2.9152,-4.8169,6.2425,2.6734,-3.4763,3.5699,-9.6667,-9.3102,4.9321
1.5465,-17.0409,26.2135,1.1886,13.0123,-21.9166,-0.0413,-4.4886,3.9412,-0.3359,-4.9157,6.7123
-0.8533,-12.5594,12.9588,-1.0644,-3.1569,3.7628,2.0878,-16.1801,35.0885,1.0025,2.3314,-19.7474
-0.0309,7.1266,-14.8869,-6.2577,-2.6269,19.8969,-2.1846,-1.4978,19.759,-12.6188,4.1855,-22.8576
5.9312,3.4839,-3.5669,8.0322,-4.1134,18.7345,-0.2942,-2.7591,2.6864,0.3902,-2.3685,2.1068
-1.6421,19.572,-48.9975,-4.8663,-18.1633,28.3345,8.4754,-4.8718,21.3997,-3.114,10.3959,-8.2327
2.5942,17.5638,-50.7729,13.6916,-16.1937,21.1412,-10.0393,-4.7076,15.2705,3.6688,-3.6486,1.3931
9.7372,-4.42,34.8145,-1.8461,-5.2551,16.6994,5.4184,2.0309,7.5677,-1.4439,-0.181,2.0975
-3.8927,-9.238,36.4847,-0.2214,-10.2199,19.0524,1.7656,-10.919,19.7533,-1.5472,0.5179,0.0619
-6.6661,-0.0722,-16.7467,15.2336,-12.7818,12.4312,-6.6461,-17.8075,22.4896,5.4049,-12.3395,10.3905
-3.2307,5.6286,-19.3688,1.4681,9.743,-19.5734,6.7671,-4.3935,27.9033,3.3268,-1.9053,0.9535
-2.3628,19.8793,-52.8874,-3.0755,2.7736,-13.9682,-9.4273,-3.1422,24.1432,-4.0582,1.3956,14.1733
0.1635,-17.0139,41.5512,-1.7692,5.0491,-21.1203,-1.4519,0.0509,13.6034,5.8047,-10.2146,27.9499
-0.568,-10.8785,11.272,8.0908,-1.0559,29.5656,-1.2151,-24.8619,43.5908,2.7864,-3.5482,1.1313
-8.767,20.5229,-30.6844,-7.4977,10.4359,-33.9223,-0.2298,-12.2343,24.7256,2.4004,-7.8136,16.1988
3.8225,8.3773,-18.4751,-2.095,0.0354,0.087,1.1854,12.7482,-18.7799,-0.523,-3.5638,11.2234
-4.3807,-5.0138,4.0802,1.1664,-6.7062,12.4793,-2.9804,20.8595,-40.0483,4.54,4.8555,6.8851
-5.9289,13.4989,-35.8324,-0.0828,0.138,-4.7833,3.5224,-2.9454,-9.1132,-0.5117,-1.2335,1.0206
5.5502,13.1897,-37.1486,-4.0582,-4.8668,-11.0397,2.9411,18.6625,-46.263,-7.3092,-0.6605,6.2971
2.8556,27.2239,-50.7201,-5.5029,6.3411,-20.4578,1.6106,13.8109,-36.9363,-2.4771,-0.1864,-0.0682
-9.1812,20.8224,-36.1709,-2.5527,-2.5634,1.981,6.9702,1.1699,-4.464,-8.7659,-0.8544,13.9099
0.6138,25.446,-56.7753,6.6038,-20.2694,39.1737,2.695,13.3701,-33.5712,-6.8203,-4.0587,-19.8766
-2.0768,-18.7746,20.5319,2.5216,-2.4564,2.5799,-5.4004,-3.7336,-10.2316,2.6168,-2.6913,2.6356
-3.1553,-2.0617,0.3479,1.6431,5.5831,-2.569,-3.7904,4.1428,11.0524,-6.7208,0.3221,-19.571
7.0495,-3.1421,31.4129,2.3022,14.4658,-36.3486,-8.7967,-16.8111,35.7709,2.7451,-2.8089,3.013
-3.2485,-7.5905,33.5122,-0.4774,-4.2187,6.1011,3.033,-14.2202,24.5749,-0.2588,-3.2837,4.3425
-3.5756,-5.3868,-18.6399,-1.4936,-10.9875,32.1439,4.7526,-9.3627,8.2863,1.045,-4.7466,13.9186
-2.963,-2.9781,-20.1801,8.9787,-11.7682,31.4746,3.7153,8.9569,-16.0721,-9.3782,-2.8146,-8.1797
-2.368,6.5054,-27.8018,3.0272,0.1209,18.8986,0.4352,14.8946,-29.1923,0.4474,2.1021,-18.2873
12.7129,10.5287,-33.3747,-0.8936,-1.6045,16.8043,3.8672,5.2425,19.8079,-4.1179,-1.415,-2.5486
5.4562,-5.6681,26.9022,8.1282,-7.8493,17.8116,1.8232,-1.2864,1.6542,-4.6216,13.3556,-30.8809
3.7945,-10.9246,24.8761,4.3535,-15.8499,38.1985,4.6013,-22.2936,40.8671,-0.6866,-0.1019,0.8568
-3.6041,3.2747,-17.2861,5.4932,-3.2437,-19.2212,3.3854,-16.4324,20.6259,-8.6094,6.9149,-13.7437
-6.0087,9.5353,-31.5504,-4.2086,-5.7196,-7.7052,-7.6173,-0.0489,-24.0751,1.5718,-4.5799,7.3983
1.3678,10.0974,-35.9727,7.0614,2.9077,-18.6265,-1.8231,-3.3549,3.3891,9.0553,-0.4188,15.5986
11.8383,-8.1335,31.6171,-6.1672,-11.2652,45.578,8.3436,-5.7282,15.1817,-1.6945,-1.6932,3.6203
-7.2626,-4.4287,20.7074,-6.4973,-0.8836,10.2786,7.1399,-7.2018,20.2569,-2.4547,-1.0241,3.3736
4.0646,-5.5118,19.422,0.7729,-12.2374,43.7,5.4749,-4.4048,10.1106,1.0125,14.789,-22.1133
2.0494,-5.5628,13.3557,3.8189,6.4317,-18.239,7.0011,-10.0184,22.6296,-0.6751,-1.0841,-0.3316
-4.5001,-13.7443,26.1159,4.6111,13.1344,-38.6877,9.2921,-14.9119,28.0173,0.1265,-12.7191,10.4003
-3.0192,10.7571,-18.0893,0.327,11.0605,-34.1112,11.9937,-10.9031,20.3887,-7.6323,-3.0048,31.4765
-5.2355,25.1228,-54.6704,1.613,-1.1454,14.1681,-3.3621,1.901,11.4202,0.2631,1.624,-6.8689
-7.7615,12.5991,-34.871,-0.2628,-9.5734,24.7561,-5.7216,12.0526,-35.1354,-0.2178,-0.0706,1.0724
7.1474,10.0814,-40.5046,6.2892,-9.4838,15.3064,0.0338,-9.9733,8.9234,6.3696,-27.0961,56.1445
-5.1109,-11.38,38.3944,-7.415,-15.1509,20.3601,-1.4198,4.9951,-8.4844,1.7553,3.9003,-23.5668
-10.2188,-8.6377,23.7961,9.4737,-0.447,13.6601,-3.7425,-1.8201,2.9217,3.6492,9.3952,-23.0945
8.6803,3.4274,-11.9676,0.4216,0.053,16.2221,3.5478,13.4791,-22.6005,-18.0817,19.8586,-40.4208
-10.8384,9.5802,-24.694,4.6237,-2.4079,-5.3512,-4.169,-5.4517,6.071,6.4259,-19.5061,25.5199
-6.6138,13.9846,-30.7627,-0.0896,0.4047,0.6795,5.4017,0.2354,-17.9053,7.2312,9.7801,-11.9249
-6.3079,3.5063,-20.7504,-0.726,-1.2453,1.684,0.7422,-1.1502,1.5095,2.7762,15.1892,-38.2929
-4.075,0.634,-16.4152,-4.4798,-9.312,31.2488,-9.6465,5.2833,-11.6658,4.8353,2.4804,1.1746
11.8826,-10.855,11.5983,-4.0826,-3.8667,4.1826,12.2012,-12.4286,10.9429,-10.319,-6.2885,25.0831
-4.9837,6.7665,-5.1234,-1.5017,10.059,-10.9615,5.6837,15.9936,-23.0655,1.7983,24.8964,-64.6491
-8.6711,-16.2327,25.717,4.6592,-2.2609,-3.7484,-11.8055,-4.8408,-2.0574,9.5361,-9.9357,32.6092
0.4389,-14.5509,14.3519,0.7312,16.5714,-37.5132,-0.5911,-15.5289,27.5035,13.6714,-25.3663,48.3065
1.5852,1.0626,12.8008,9.2725,2.5577,-15.1898,-0.7427,1.4067,7.9425,5.0512,16.6305,-41.9743
4.0852,19.3558,-51.8715,8.395,-3.2459,-12.047,-2.0175,-3.2218,26.22,7.5914,-18.2939,47.9844
8.8616,0.843,-31.0892,-6.1791,-18.4041,14.2728,3.5452,-6.5963,3.0148,-9.5645,-1.4001,-26.7213
-5.3915,7.1838,-18.5535,-0.0684,0.8096,-0.7224,-2.5605,6.53,-16.8771,5.2909,13.4496,-38.1237
0.6131,-0.0246,3.0554,-0.4999,-0.9017,4.0201,-12.2757,13.8954,-27.366,0.5265,-5.729,31.0065
0.2436,6.6885,-14.4114,-2.6652,10.5417,-33.4804,-1.494,4.0968,-17.8983,7.4532,-14.5149,40.2801
-7.51,2.4859,-18.2194,9.0983,8.3398,-42.4424,-9.785,-6.9989,32.8909,3.8866,-22.8078,31.059
0.7662,4.0018,-22.028,-2.7166,-5.8872,23.3405,0.6737,-3.8118,3.7525,-2.8189,-4.7594,4.0526
5.9301,5.6554,-28.1553,-4.7643,-3.0556,13.5187,3.8212,-3.5898,1.5042,-6.6096,-5.9497,14.0091
1.7929,5.306,3.3989,-0.4728,-10.6022,23.0701,-0.019,-1.2611,0.8131,-1.2473,24.3976,-26.2538
4.312,-0.0104,-0.4101,-10.3357,-0.9428,-15.2079,4.2174,-0.2046,0.0561,-9.8723,12.9694,-28.0884
1.6902,-3.5116,5.4224,-2.036,-2.7646,23.7662,8.5969,-2.4225,24.1577,1.8281,9.2492,-18.4706
-4.2433,-6.1079,25.1753,-0.0653,-2.9495,23.9931,-2.2775,3.6153,6.3507,5.4676,10.862,-19.6949
-2.9781,5.5733,7.9303,-1.9103,-1.141,13.8893,-1.3959,4.2069,5.1935,5.2842,6.3093,-34.2363
-4.6507,0.89,-0.8867,5.192,-17.0644,54.9346,-3.3584,-2.2166,3.3935,-3.5693,7.4941,-12.5862
-0.003,3.3069,-22.0208,0.825,-10.3031,29.6448,6.293,0.4644,9.4398,3.8601,3.4116,-30.0939
-2.4072,-0.0838,0.5029,1.7856,2.1344,-5.4135,-9.3057,8.3099,-32.3379,2.664,1.4238,-5.632
3.0087,4.0082,-11.9476,-3.4551,-1.5719,9.4831,-2.6515,2.3263,-7.3134,-7.0129,5.3419,-13.8937
-9.3803,10.1569,-22.7201,-5.0729,-6.6394,17.0907,-5.9291,-4.1205,-12.2443,-5.4451,8.4474,-16.2295
2.5047,8.3083,-17.8297,-4.7407,2.6784,4.6716,-5.7166,10.8109,-26.3395,-7.698,-9.4537,9.7143
0.1296,9.7467,-25.5532,-2.8087,4.3687,-3.1146,10.0526,-19.4022,37.0553,0.8721,10.5414,-28.3891
-7.5931,9.2014,-29.4771,0.1397,13.2113,-35.3049,-0.8834,-5.049,3.1724,-3.4049,-0.6663,22.3017
-3.0943,-3.7142,2.5706,0.5646,16.911,-37.5304,-3.6691,-3.888,2.8659,1.7116,-6.5338,30.5708
-6.4193,-4.194,26.1498,-0.2458,22.522,-59.0901,6.0026,-5.0924,29.3936,0.4284,-4.9298,4.8094
1.1411,13.7874,-20.8473,-3.7604,13.3767,-34.8395,1.9701,-3.8512,2.358,-0.7327,-12.3528,25.2945
-11.1678,11.6955,-26.3822,-4.4845,11.7452,-20.4946,-1.7593,-3.0489,15.5078,2.3628,20.6978,-18.3823
-14.8951,-5.854,23.311,12.635,-15.6768,27.1888,-15.9772,-0.8968,-14.5656,12.7044,5.6924,-26.7287
0.5717,-1.5905,2.2756,-0.2901,-1.0482,1.6202,9.6813,-9.1382,24.113,-9.7726,5.7025,-5.8931
7.3505,7.807,-24.9233,-7.6533,0.6489,22.4386,-6.2077,-1.3206,17.2066,3.7538,5.0493,0.3304
8.3666,3.4623,21.1342,5.9474,-10.7425,44.359,2.7386,-1.6751,1.5202,-2.5824,-3.1582,4.0842
3.7468,-0.8236,2.1444,-20.6623,11.9581,-27.4003,8.8278,12.1521,-24.7706,1.1427,0.4172,-21.3973
0.6347,3.5884,-13.6773,14.0811,-11.7477,3.7607,-4.9692,13.1334,-28.5305,-7.1763,13.0525,-27.7857
6.6978,-9.8074,26.6762,-1.2687,-24.9819,36.61,-7.3429,11.7319,-25.9377,-4.0134,13.2684,-34.5125
-1.5576,-5.9317,14.76,1.0918,-6.1884,8.3652,6.926,8.3787,-15.9179,-4.3293,5.8413,-10.6444
-1.1598,-6.4054,13.5448,-2.7637,-5.0328,25.5487,-6.1142,-4.2962,17.3254,4.4644,18.2264,-45.5587
-2.0108,0.4229,22.8263,-0.4849,-14.4866,53.4161,-1.6855,-1.8388,0.9801,2.5712,-5.1757,3.8945
-0.6436,-7.5027,22.3356,-4.6908,6.5896,-5.9984,-1.2549,-0.2865,1.7699,5.2329,-5.3109,17.9552
11.006,-0.0117,-14.2922,3.7028,-23.9028,34.4797,-10.5535,1.1201,-12.5198,6.9729,-25.2596,32.1329
-3.406,20.8216,-42.2105,4.7857,-22.3415,47.8252,-1.0099,1.2092,-6.639,5.892,-6.9669,16.4909
-3.5375,-8.484,15.4985,-5.5528,-20.8937,44.0492,-5.0548,-5.6418,10.2301,-0.3294,-4.006,2.6964
-13.4681,12.8428,-32.5531,4.9604,-16.6535,43.1352,-5.6473,-3.3438,5.1869,7.8587,1.1586,-1.5434
7.7775,10.4677,-20.211,-6.4687,1.1242,17.8546,8.8121,3.7199,-0.4074,-2.3007,0.7463,-0.7676
11.4496,-7.2923,-7.5128,-7.4092,-16.8487,38.4052,-1.8171,12.5552,-12.0891,-6.2828,-15.25,31.443
3.8781,0.0909,2.4278,-5.254,-10.7034,19.1418,9.9886,14.6464,-30.3851,-9.0799,-2.8495,17.9164
0.9372,0.0684,2.313,-4.0024,13.2093,-12.2137,-3.3933,-2.2773,-11.2838,-6.7081,-1.1905,12.3446
-5.8825,-4.8544,24.1723,-2.1546,15.0175,-25.9478,2.9913,2.8332,-3.7969,8.4659,-2.8268,25.0553
-2.9074,-1.8817,14.2422,0.7888,-0.2892,0.9605,-8.0958,-1.6531,7.1549,6.2846,4.0275,6.4248
-3.4662,-3.919,15.5048,5.371,3.6968,-15.435,-1.1391,-1.8517,2.0005,-5.9749,10.2378,-36.2793
10.3488,-11.8813,24.4421,-9.918,-19.9254,38.3617,9.0369,2.0259,-4.3676,-2.5205,-6.4547,27.6126
-2.8741,10.6073,-17.3528,-6.6478,-6.9676,11.4587,0.184,-1.2135,0.9753,-0.2417,-1.1665,0.81
8.2266,17.7907,-22.603,3.4127,-5.7081,11.528,13.0416,-2.6742,1.4676,-1.3759,-7.3405,16.4993
10.2714,3.3742,-8.8043,-2.2873,-0.7616,1.7389,1.0498,15.9138,-30.0469,-3.27,7.189,-9.7694
3.5632,1.2329,-29.1183,5.0036,0.184,-28.6292,-2.8424,-6.8548,-3.691,6.6564,-4.0838,-21.9749
9.7985,-10.6956,35.0544,0.6758,-3.4138,27.1869,-5.9813,11.2306,-28.2929,-2.6127,-0.3865,1.1101
-9.3511,1.559,-24.9208,2.9056,-0.8605,1.0663,-6.5638,16.8718,-32.2912,2.9004,-0.9326,1.253
1.526,-1.7134,4.7898,-2.1289,-2.5669,7.909,-0.2112,3.3064,-19.2642,2.0015,-2.9418,8.6534
-5.8716,7.0045,-7.215,0.5153,2.0054,-5.701,-3.8309,4.4638,-20.1085,3.9108,5.8288,-16.5723
6.0725,6.0305,-2.8959,4.1983,19.4869,-47.4048,4.2584,17.4323,-27.7518,-0.1332,8.9988,-26.0801
3.2328,8.932,-23.6038,-8.4756,-7.7048,-8.1512,10.8366,-15.2194,31.1488,-4.1416,-4.8703,4.2964
9.434,-14.7687,23.1749,-3.5493,-13.4085,47.3387,-5.614,2.0924,-1.3224,1.307,13.139,-22.9836
-2.063,8.3674,-23.4562,2.2064,-23.5454,34.5282,-4.1907,-15.5625,42.0356,0.8068,-7.6959,11.8704
-7.969,16.7871,-49.7157,4.7637,20.191,-43.3934,-0.9652,-3.7002,4.3659,0.1431,-7.5198,19.0095
0.9414,-7.4423,24.642,4.6189,11.9602,-16.3672,-0.3641,0.2327,-1.3585,-0.8213,-5.7734,16.3145
-1.2151,-8.3828,21.5158,7.6461,-2.7275,0.647,-6.002,6.4354,-8.3017,6.5915,9.8516,1.2148
6.1293,-9.6464,9.2329,-3.0339,-23.7321,53.3725,1.722,-28.1051,42.361,2.9268,-10.6072,18.6404
7.8821,11.4801,-17.2095,-4.5993,-3.7366,2.1975,4.6464,2.1538,-7.6067,-14.0401,5.0231,19.9369
-2.2881,4.5232,-32.4517,0.8886,-19.2935,43.4638,3.338,-3.2521,2.7313,-1.1717,0.6837,17.1385
-1.4998,-5.0345,6.54,3.7352,2.1676,9.5102,-1.9205,-3.8198,4.9861,2.9097,-16.443,35.6756
4.4667,17.9072,-36.6976,-7.7953,2.8296,2.1453,4.6164,13.9858,-22.3453,-15.4573,-20.7344,25.8864
-3.5344,-0.3187,-1.4128,12.0543,13.0728,-39.0899,-7.5695,-5.3727,25.1614,-7.9857,17.2639,-31.3689
4.4092,-2.4812,3.016,-6.5033,-17.4637,46.9861,4.2921,-1.7854,2.3813,-4.3212,-3.2311,4.757
3.9153,9.0928,-27.4193,-10.4283,12.9743,-41.8174,9.1828,-5.9212,25.0112,-5.0771,4.7847,-26.4062
1.8007,11.1093,-29.1199,-5.726,-18.3324,49.0291,1.0886,17.9485,-26.3653,1.1058,4.7275,17.5642
-0.3776,5.9977,-14.3317,-1.641,17.4444,-36.0153,6.3169,-7.5961,29.232,0.2282,-3.8664,3.0743
-4.3815,-5.2118,13.2807,3.4456,18.2796,-35.585,-3.7724,-19.1904,37.2233,5.3922,-7.5346,5.1021
3.4052,-1.3974,25.7531,6.9527,21.1889,-39.6024,-9.4018,14.6499,-40.2977,-3.5241,9.9761,-32.6298
-8.4717,9.819,-25.0382,1.2866,-7.0874,4.0879,-1.0707,-6.7628,31.0185,6.5502,-2.2542,10.9488
10.3935,0.2548,14.477,-10.8069,0.753,-27.363,4.8853,-6.2195,-4.4131,-2.2041,-14.8834,26.7405
-0.2834,-4.3792,22.7099,-5.2831,-2.2575,3.6642,10.2854,23.2822,-43.9132,-5.339,-7.4903,16.3773
1.673,-6.4645,22.4556,-3.894,16.5798,-36.2285,-1.2918,-2.5445,8.4058,-0.4499,9.0489,-7.5265
-6.5401,-9.324,19.3856,12.0804,-4.5901,-9.4985,-5.3411,-2.8804,3.809,10.1181,0.1818,-21.3654
-3.267,-23.9979,26.9858,4.3811,11.8709,-36.4725,-3.1925,-8.538,19.5582,3.4283,-1.8875,0.5148
-3.8222,-5.612,6.7383,4.3085,-0.6956,-21.5811,-1.287,-14.4173,20.6116,2.145,-6.6795,13.5227
-1.3256,-0.8675,0.1068,-9.7682,-2.6841,-10.9228,0.2858,-18.6502,22.1551,0.9044,1.5197,13.1172
1.5008,-4.8386,26.7438,5.184,-3.3435,-9.6962,-10.1233,-5.2923,-12.4047,3.7962,-3.2862,1.5079
8.0713,-4.3382,30.6605,-8.4345,12.5629,-31.2493,-4.8076,-2.3739,-11.3327,-0.5784,-2.0208,2.228
-4.7623,-1.0041,16.3828,6.1919,-1.699,18.279,-0.2222,-4.6706,-7.1955,-0.1313,-18.9679,23.6955
0.1583,-11.4526,25.9043,-5.0445,-2.6623,5.1351,7.5319,9.222,-27.9442,-4.3352,-9.9111,32.0215
-4.4546,-15.0346,40.9174,-6.6717,16.8683,-32.5056,2.5013,9.9854,-19.8205,6.3216,3.7318,11.2511
6.9283,-5.4879,16.793,-9.0394,-0.7167,-13.2452,4.5579,9.0798,-22.5589,9.5016,-5.22,13.022
1.0022,-4.55,-7.136,5.1108,-0.5603,-16.7389,-0.2644,-2.4839,2.2496,-0.3548,-5.6394,13.335
-4.4577,15.3526,-26.66,-5.2984,0.8416,-26.5647,0.4167,-3.9402,3.7287,-1.822,-8.7405,27.4497
-2.7288,1.6544,-12.2256,-4.7531,-9.4823,27.6197,0.5551,-2.3115,2.6929,6.2572,-3.3025,18.2467
4.5019,1.9146,-2.3405,-6.1095,-3.1928,-22.4249,4.2708,-9.3412,28.0592,0.9587,-6.5071,3.583
-5.0889,-3.2462,-2.887,-1.505,-3.4318,-21.3324,-10.1019,-7.4997,20.7703,8.5925,-3.3732,-22.6657
5.6694,3.6524,-32.6546,4.2108,-7.2717,32.5093,8.2241,-9.4411,16.8643,-1.2783,-4.1684,3.9759
-3.7721,-3.106,21.5094,0.8724,-18.5596,24.4233,-2.7792,-13.5497,31.6607,6.1167,-5.831,30.4433
0.301,-3.8842,7.3049,-1.7947,5.23,-21.1999,-7.4997,-14.7619,31.9426,-0.4499,-9.2662,27.5838
-4.9326,4.031,6.5765,-4.9967,21.7091,-32.7733,-4.8372,15.744,-26.1408,-7.4188,11.349,-31.3975
-0.8103,-1.1182,1.5087,-9.5236,4.6614,-15.8759,-0.8346,-0.9096,1.1485,-4.1793,-10.5742,36.7112
-4.555,3.4301,-17.0901,2.4826,4.0713,-20.4735,-9.3081,12.547,-33.5071,2.8192,-2.8012,1.6511
-2.0255,-5.4885,2.7455,3.1933,-12.2027,12.4768,-11.8356,7.8712,-28.3702,2.8732,-6.7555,3.3154
5.6371,-6.6197,-18.4458,5.3735,-6.3149,27.5001,2.5449,15.5532,-24.7171,2.0764,-13.9942,39.8339
1.2584,-4.1734,4.8284,2.4115,-2.3898,2.512,-10.6069,2.2043,-13.4921,2.3474,-2.4797,2.5638
-15.3876,2.8901,-10.6904,4.2653,8.4442,-37.3372,-15.5512,20.0533,-30.6274,5.8458,16.7459,-35.1983
3.2629,2.2686,-9.7382,1.6818,21.4599,-53.3248,5.9878,2.6419,-14.2886,-5.9095,-0.5319,-15.8831
-9.7322,6.0491,-20.7775,1.3937,0.3348,-4.1512,0.987,3.894,-21.4818,11.8346,-21.3603,50.6082
-1.8381,20.0403,-34.7492,-2.1475,-0.6214,2.6204,-3.4151,2.7337,-22.5775,-1.906,6.2672,-19.4672
9.3759,15.024,-32.3218,-3.7014,-7.674,23.6751,4.1352,-0.2681,6.1345,-4.6428,15.291,-34.0841
1.6139,18.305,-35.4517,-2.5305,-5.0505,12.9001,9.5706,1.9913,-17.6318,0.6857,10.7232,-22.5369
0.1228,6.259,11.7791,-3.2721,7.5554,1.8559,-5.2329,1.9992,27.164,7.4076,-6.5697,32.0295
0.4061,-0.2791,0.1179,2.7935,-2.3665,19.7105,3.984,7.674,-9.0999,-0.3942,-0.31,0.195
-4.6084,1.4405,6.7963,-6.6729,5.2553,16.6829,-1.2494,-2.1831,5.876,6.699,9.3581,-18.6544
0.0341,-13.783,26.3346,0.5537,5.4372,2.2836,-1.6916,-4.8071,4.7745,1.5303,-4.4841,4.1056
-3.8296,1.8894,14.5879,6.8735,-9.2009,22.8447,-2.5854,-8.6222,23.7933,-2.6447,-4.1851,13.4157
-7.7545,17.7417,-45.6596,0.9209,13.3834,-3.3995,-0.7421,-2.2221,2.8762,0.6009,-2.115,2.8111
-6.1609,3.1227,-1.8622,1.1742,-3.6961,-0.3547,-1.7417,-4.4665,2.0931,-0.961,-1.4197,33.2099
2.5096,14.0188,-33.1233,-5.2925,18.3262,-34.2865,1.9427,16.6152,-30.3712,-9.7294,6.9258,-17.3588
-2.7073,-1.5676,-15.7339,-9.4395,8.4214,-24.3789,1.2119,16.9604,-31.6402,-8.9199,16.6367,-15.9464
-6.8694,-18.5765,36.9893,7.653,1.7824,26.1369,-9.3424,-6.2902,26.275,-6.0237,10.1796,-28.1806
5.9359,0.3653,-18.5336,-1.9873,5.352,11.5463,0.8601,0.3351,-0.7844,2.8161,10.1689,-23.4253
-12.4762,11.5416,-23.5473,10.4071,1.4439,5.4373,-5.7944,-2.8113,3.8577,9.649,1.266,7.3481
-9.3206,-1.9537,-10.6306,2.7502,-3.7832,2.1484,-2.9789,-17.8213,23.4247,7.0428,-21.6697,31.4575
6.114,7.0835,-20.411,-13.8506,-3.4635,12.6428,1.7013,12.4327,-25.6946,3.0959,-2.4053,24.5497
6.1064,1.6487,-19.5551,-2.403,-5.3341,9.4536,2.2953,-2.2629,-13.608,-2.5762,-2.437,2.0237
8.1777,8.5285,0.5118,-10.692,16.0318,-26.8386,-3.1161,-5.2929,-4.1193,-7.9615,21.293,-36.7512
-4.8448,-2.1436,26.7449,0.9475,-19.3123,23.4438,-3.3927,-7.3444,27.4016,-1.782,5.3147,-8.3735
0.761,-0.9239,3.7202,3.2698,13.7454,-19.8862,0.8324,0.0697,1.3654,-0.8528,-0.0764,1.5308
-2.9546,-3.4255,30.6318,2.6252,17.8285,-35.1695,-6.0055,17.1316,-29.0813,-4.5933,23.5842,-63.2767
1.0962,-1.7463,2.5832,1.2656,24.3443,-59.2329,2.4783,-4.0494,-13.6625,-5.3065,17.3885,-34.042
5.3452,-20.1095,31.8094,5.1939,-0.1031,24.1859,-6.0435,6.9981,24.3411,2.9957,12.5983,-27.8518
-8.0297,1.8447,-15.9354,-2.6276,-15.0127,39.5212,-8.1814,-1.0623,-22.6174,2.8239,1.2506,19.4268
-2.6264,-2.9234,3.9385,-2.1932,-24.5138,49.2119,-2.8995,-21.2673,51.6489,-6.3109,-15.0624,40.174
-2.899,-2.9541,0.5683,6.487,-17.5821,21.9763,1.7872,-19.2351,26.5251,-4.5932,11.19,-25.2939
2.0313,-1.0348,2.0631,-6.98,11.3469,-22.7981,4.2023,14.7542,-34.8238,-7.7856,14.0456,-30.1058
6.4788,-0.1774,-24.3133,-6.4897,11.7352,-29.0625,2.5164,20.6407,-23.0728,-1.0777,-2.6191,2.2399
-11.1222,17.2792,-35.4423,8.1513,-5.7056,31.4046,-3.2385,-5.7128,5.2625,8.5695,-6.41,23.9489
-8.0564,12.4082,-41.8964,-1.0397,15.7919,-28.3756,11.1796,-4.5172,12.9402,-5.7464,-1.0459,14.0231
-6.7041,7.4387,14.8659,0.1868,0.0992,2.9967,3.0098,10.4056,-30.4316,-12.4536,-1.4322,26.4898
-7.4276,-1.6295,22.1335,-4.9589,13.3445,-35.5695,-11.2521,-0.2399,11.5782,1.8918,-1.2097,1.9076
-0.9672,-0.8781,1.8412,7.4838,3.1083,24.469,3.0947,-2.0036,20.1406,7.3256,-1.1743,1.1327
2.5828,9.9898,-25.5662,6.8059,-11.9034,22.1528,-6.3662,-4.5352,25.5071,-5.1261,-3.1852,-17.7277
0.3081,-20.6199,33.7441,10.5754,2.0672,0.8251,-2.3356,22.2506,-39.7312,1.6443,-3.708,17.0734
0.9417,-8.6441,21.8585,1.0782,-20.5906,27.2746,5.3457,8.3781,-17.0148,-5.5783,4.8558,-20.3079
10.6421,-0.6075,9.9651,-4.3622,-2.9169,2.1127,1.4993,-1.6992,-0.2,-6.5247,5.9588,-27.5865
-10.7306,0.2038,13.9128,3.4644,11.8584,-30.8871,-0.6803,1.2615,-25.4104,10.8761,9.7699,-10.2849
6.5509,-9.9658,28.4938,-1.0342,7.132,-24.3518,5.52,7.9476,-22.8387,-1.3674,-4.0956,3.8804
-1.1518,-1.9055,2.2887,-7.3427,0.0884,15.8022,1.2468,1.8771,-1.9269,1.221,-1.5952,1.9051
-2.7995,-0.3936,3.388,-2.4423,-0.5067,19.7438,-7.9565,26.4999,-33.4749,6.9648,9.9622,-37.8596
-1.3479,5.6637,18.8121,5.8326,-1.0851,32.8192,1.7344,23.3534,-33.3629,-0.4379,5.9482,10.2397
9.9867,-9.6119,29.0012,1.7579,5.4666,-16.7996,2.8898,12.0862,-35.941,-1.4621,-7.3888,22.3231
4.1964,-19.1166,25.8233,-3.0555,-2.1272,2.1179,5.2586,-3.4363,-17.3827,-0.8119,-3.5728,13.9557
1.5074,2.4535,-6.4267,-3.1031,-1.6773,3.938,-2.6737,4.461,-28.9788,0.3713,-6.8631,17.5571
4.9069,17.6776,-30.4501,-3.7449,-7.4938,17.8362,4.7586,-1.8532,1.7369,-10.8502,2.0827,-26.3556
3.763,9.8693,-24.8755,-8.5805,-5.81,5.9584,4.894,-11.9968,33.4514,-5.2016,12.9898,-24.4488
4.617,12.8153,-28.7348,-4.8975,-1.4797,1.2297,6.5159,-7.541,28.3111,-6.9336,11.1332,-21.7081
1.0243,-13.8304,47.4318,8.7163,-22.6536,46.8596,-0.2316,-26.7515,41.6527,8.4711,-2.5569,-7.3101
-3.5308,-3.6983,4.0424,2.7918,-2.8946,2.4949,-6.2468,-23.7298,55.4708,-4.575,-9.1422,25.6916
-3.6635,-13.1688,24.0659,7.3441,-7.7374,32.1784,-3.0457,-6.4866,8.2496,7.5951,-9.8875,19.8003
-9.6939,20.1388,-24.2962,1.8638,-0.8325,1.8773,-0.9301,-1.0465,27.2517,6.7023,-4.5636,12.5209
3.3954,-17.8087,28.2371,3.8549,2.9688,11.6735,-9.679,0.3751,22.1378,7.2849,12.6127,-20.1112
-9.1594,-14.7876,11.5341,2.8717,-2.2274,-14.0542,-10.2093,-4.4189,17.1185,4.2252,-3.6217,2.1503
7.2487,0.5342,-5.0787,2.4412,-3.5063,-7.1131,-4.6083,14.1876,-32.7003,-1.0431,-22.1165,32.7786
-4.1117,-18.5311,23.7251,-8.5706,19.47,-46.232,2.8325,-2.2672,-9.8554,-0.2542,4.021,10.5487
9.7773,19.851,-44.8718,-11.8114,-15.9401,32.6247,16.6215,-5.1897,6.3916,-6.7333,2.058,-3.333
-3.6347,-20.2636,28.2006,2.7532,-1.3542,-0.5202,-2.1275,-7.0003,14.0684,5.1016,1.459,11.7922
-0.5334,-2.653,5.3011,7.6606,-8.9034,32.1625,3.7639,-0.3886,-4.4459,-1.8087,6.2094,13.9014
5.3225,-5.964,27.4848,2.6963,-19.9373,26.7487,-10.0582,16.6559,-25.8681,11.9806,1.0141,-15.5782
8.3666,-20.2296,35.4948,-2.704,15.2059,-28.2515,9.4091,-4.3061,-6.003,-4.0661,3.067,14.9425
-3.4241,-2.8252,2.7283,1.3179,17.197,-32.6644,-3.2456,-3.1304,2.4615,7.8526,11.1942,-28.8232
-8.8138,-4.3857,-0.8627,5.7706,-18.2403,30.3634,-4.9852,3.7783,-3.3136,9.4244,14.4829,-35.1274
-10.3282,5.0383,-6.2199,5.8455,-19.9874,27.2539,-3.9703,-3.5744,3.919,6.1809,4.6067,16.163
1.1449,1.7016,-7.4697,-0.3099,-19.7006,21.7782,10.9918,-23.2963,38.6781,-1.6943,-7.6945,5.7002
0.4581,12.4594,-24.1166,-1.8473,-14.5128,19.6161,9.3758,-21.6993,39.552,-1.6633,-5.3291,4.0147
6.2071,12.4042,-25.3908,-4.3276,-0.8007,23.6385,7.7176,6.5723,-22.4308,2.6611,8.9464,-13.2216
-12.2468,9.9794,-28.0323,8.8643,1.5933,-28.8379,-8.4564,-1.7222,30.0855,5.1718,-15.3668,25.985
-6.5329,5.3442,-13.6369,-6.0839,-2.6035,17.1243,1.1808,-4.1328,3.2336,-1.4299,-4.602,4.0724
-1.9509,-2.1619,4.9103,-1.4135,1.241,16.9027,-1.5982,26.6394,-44.5093,-1.8038,15.0214,-24.8751
-6.681,-18.67,45.9349,3.7921,16.7548,-19.6012,-16.5287,23.0727,-34.1317,-6.6263,20.899,-40.3374
9.2289,3.9774,4.7845,-9.1989,-2.0177,31.0807,4.0412,10.1042,-21.3012,-5.0846,11.9329,-28.7105
9.0905,-9.3773,39.9558,-8.2048,-0.21,27.3318,2.8462,14.1826,-32.8799,0.3101,12.552,-31.6249
-1.7141,-8.9389,30.3923,-7.9991,10.6237,-16.1132,-1.8067,17.3405,-38.3243,-1.9965,1.9384,-0.35
-2.4724,-8.7317,18.7225,2.5694,5.7928,-10.7645,7.2124,1.289,-22.0887,-2.1475,-3.6769,3.3165
8.8985,-3.1866,7.7478,-3.9099,-2.7112,2.2017,-2.2225,1.3565,6.6118,0.8391,-1.2021,-21.3168
-1.3627,-0.7605,1.7525,10.3424,14.1493,-17.8219,-7.9374,1.7676,14.9181,7.9761,1.3576,14.8969
4.7883,-16.2569,18.2583,0.9736,17.9941,-35.2647,3.6373,-0.8274,17.3317,-3.1786,-1.158,1.1788
-4.8723,-0.9175,-3.1606,-8.0056,21.2366,-47.8664,-4.4503,-3.5292,18.4587,4.6379,-6.2904,28.8808
-3.4108,0.1153,0.8809,9.1869,13.5042,-22.3968,1.2806,-6.5679,1.5253,9.2276,-13.2309,39.2165
-11.8042,9.8975,-26.1719,10.3872,20.2544,-52.1942,-4.541,-5.471,4.9,2.8128,4.7779,9.0016
4.7265,4.4155,-20.2761,-8.2329,0.7164,7.3072,1.5246,0.8645,26.6482,-0.3149,-3.2993,2.9706
0.6645,-4.2019,3.419,1.7782,-17.2606,24.3273,6.5323,4.0463,-11.593,-3.1588,-7.0219,28.1834
-0.54,-4.4749,4.5428,-6.3007,7.3953,-22.9866,12.3822,-4.9934,2.0328,-0.927,-7.1478,26.8643
-2.8776,2.2251,-3.574,5.2535,7.0114,-31.3259,-2.4512,0.9732,18.2636,1.9483,-5.4218,3.925
6.7746,20.0639,-61.7241,-12.3347,5.5233,-32.4087,3.2529,-6.0928,3.9876,-3.302,-7.9661,7.9435
0.9092,-0.4816,1.2914,9.6174,-11.6492,38.2317,-2.9597,-4.2175,4.2011,-1.4194,7.8468,-20.5194
2.9,4.8558,14.1152,5.4733,3.7303,-27.1731,0.987,0.9841,-7.2285,-3.4719,18.9791,-19.2711
1.2531,-1.0786,0.9757,2.271,9.4803,-21.188,0.9685,-2.7603,21.3582,-0.8346,-7.7328,20.0666
6.559,0.7841,-25.2636,-2.1441,-1.5185,-1.5451,5.3574,-1.9789,14.8918,-2.5436,-8.0333,18.0166
-4.6523,4.7962,7.2844,-1.6103,-0.6892,5.8495,1.4479,2.7146,-0.4817,-1.5667,6.8744,-0.1777
6.9318,3.0463,8.8266,0.3341,-11.5544,18.8297,-5.9349,-5.0684,-7.3365,0.1229,-13.6827,17.7931
10.5941,-21.5588,45.2635,2.4973,-15.854,32.6151,-1.1733,-4.3467,2.5897,3.7687,-14.7298,15.748
0.1841,3.0922,-25.824,7.2741,0.8637,14.4786,1.4748,12.7125,-31.2131,3.3054,13.7791,-11.5038
3.465,14.7885,-33.5204,-7.3632,-5.6777,18.8371,-7.127,9.8924,-27.7353,-4.7917,-3.1393,-11.0286
-9.5514,20.0484,-44.6184,2.2258,-12.1143,24.9993,3.9536,16.5898,-30.992,-2.1421,15.6753,-29.1237
-9.1064,-9.674,24.2419,0.1604,-1.041,2.9142,-3.2153,-10.927,20.9391,6.0125,0.2742,-21.6249
3.6247,1.0596,-12.6119,-2.6192,-4.572,4.2767,8.7732,-17.538,31.6925,-2.7085,-4.5783,4.6143
1.4245,0.2252,-8.0607,3.1398,2.7807,-28.9942,1.6427,-3.1774,3.1201,-1.5077,-3.4193,3.3697
-2.6636,1.6804,-16.2863,8.6805,-13.0357,21.8388,4.4241,-12.1344,38.6794,0.6286,-3.7318,1.4507
-2.612,-5.0807,28.1638,5.1024,11.2404,-30.2095,-1.4059,-4.1602,3.7671,-5.6514,-6.0394,12.1457
5.6034,-9.1857,27.3833,0.2124,10.0425,-33.822,-1.3421,-3.1787,-0.5876,1.2602,-6.5671,4.4633
-9.899,-3.2035,11.674,13.4192,-5.2872,-14.6459,-4.4487,-5.4069,2.3585,9.9444,-4.3652,-17.6563
4.1235,5.5886,-24.0025,-5.9902,-1.5092,-17.2027,1.8182,-5.6884,0.1112,-7.1883,-10.8544,33.3538
1.6622,-2.4951,0.7304,-9.1931,13.9124,-28.462,1.935,18.4806,-26.4255,-2.4496,16.6696,-20.0422
-1.1848,-3.8207,5.3926,0.7263,-3.344,5.5917,-0.8829,3.7248,18.8469,1.0003,-1.6292,0.4711
-5.8503,3.8509,-8.6321,10.0795,1.0577,20.7776,-5.574,-6.1159,3.196,3.3464,-3.8927,3.5953
-2.6641,10.6259,-26.0586,-4.7486,-10.881,34.7316,-0.3281,1.8718,-8.5406,-5.2594,5.5149,-8.9788
7.9728,12.7838,-36.3305,-7.6724,7.5223,-16.6838,-3.7074,-2.8631,-14.405,-7.4061,4.8252,-7.0454
-0.8447,0.9185,-24.5872,-9.7606,13.5945,-26.155,5.3092,-8.5694,38.0751,-2.0591,-6.3416,5.9375
-3.027,1.0086,9.5218,1.9572,10.8898,-24.8177,8.6037,-10.2896,39.6848,2.904,8.3903,-21.3369
-5.6123,7.9418,-28.7038,-4.5974,-2.8721,16.5534,8.1611,-3.3505,-2.8987,1.895,5.9773,-15.5096
-0.8027,5.0792,-10.9081,10.5274,-3.3424,18.0734,-7.3797,11.9615,-37.7125,1.3607,6.0202,4.1013
0.805,-2.2211,2.7725,0.3937,-4.8217,22.856,-7.5624,8.9963,-29.911,-5.6454,-2.1547,20.8807
-9.7213,-2.9734,25.3519,-2.2286,14.6966,-20.1751,-6.3677,0.9929,20.2366,-0.1615,-0.8443,2.3259
-1.2547,2.2045,3.3831,4.3819,16.0684,-28.4751,-0.1611,-1.3707,1.8468,0.2915,-1.2266,1.6112
-0.994,6.4211,-23.8428,1.1412,1.871,-16.1546,-6.2769,17.5911,-26.61,1.301,-0.3784,-4.8565
12.7552,-11.3326,29.6867,-0.1041,-6.7244,7.1248,-6.4669,0.8503,-7.2118,-0.0024,-7.5986,16.1712
0.0355,-3.7582,17.6167,0.1215,-0.7716,0.7763,-0.0577,-0.5122,0.3655,-0.946,0.9347,3.7288
-2.0001,-1.9423,7.3001,6.0764,9.3347,-20.8565,-1.3331,-2.8959,1.8295,-0.6543,-14.5383,37.8497
1.9119,-2.6533,18.3769,-3.1358,-0.9214,2.5454,8.3083,17.7727,-36.96,-3.1464,0.3083,0.474
-8.7505,-0.0555,13.3521,-1.4181,17.4063,-24.312,-8.2076,6.2734,-18.2662,1.7576,-0.334,-0.3247
-8.2698,-0.693,15.8911,2.127,-20.1419,28.3197,-1.9241,-2.3212,10.9945,6.7557,-20.1814,49.3875
-0.3288,-1.3804,1.5764,-1.874,-5.1334,13.1698,0.1346,-7.7307,21.8461,6.1822,0.096,18.3
-7.3077,-18.667,43.073,12.0927,-8.304,24.3064,-5.5755,4.0858,1.5706,3.2057,-0.2818,0.6099
3.0598,13.3721,-17.1273,2.3567,0.719,-4.9632,-2.7074,-1.2728,1.7364,7.637,10.1998,-21.2274
3.1343,-3.7634,0.6445,-8.8635,0.474,-10.8976,-9.1056,1.6952,-28.3022,8.1694,6.152,-18.0439
4.0876,4.2706,-19.381,-10.7013,4.7395,-1.2368,6.2083,18.6779,-42.91,0.9966,-7.2166,34.7669
10.9366,1.9188,-17.9994,-5.9688,-3.1284,2.9061,10.0389,-6.989,-1.6507,-6.1636,-3.2052,3.2634
2.5505,17.7017,-29.5419,3.3469,-4.2709,27.3094,5.2263,21.1738,-48.2158,-3.4482,6.0865,-15.9138
1.455,-3.4431,2.963,-4.3195,-14.7857,32.1005,1.7911,-4.1371,4.2967,-2.1108,-7.4404,11.4857
-4.0354,-8.2601,15.5256,6.2931,-18.4853,29.8439,-3.7085,-20.711,30.6134,8.5457,-2.2067,18.4323
-0.644,-8.3335,26.0353,5.6444,-5.6534,30.0719,0.9801,19.7819,-25.9667,7.1385,-14.6512,35.3015
-3.5114,-1.0706,7.1032,-4.1782,-1.7751,12.7368,-6.571,-3.8342,22.657,8.4461,-0.5353,21.2562
6.0099,13.7951,-17.5984,-4.4919,-3.1443,5.8077,4.78,-8.6328,20.4711,-4.1034,-27.6129,37.5171
0.7631,14.3073,-32.3223,-1.4628,-0.0882,1.3452,1.4525,1.2198,-1.0579,-8.9012,-9.868,14.7339
0.0018,6.8355,-1.822,-0.686,0.0319,29.2446,-3.3268,-0.6455,-11.843,-1.8219,0.0347,-23.9084
