#{"t_start": 1746485341.7237988, "env_id": "None"}
r,l,t
-3659.604007,1590,15.694685
7.77065,1,15.886744
6.476615,1,16.052779
-1198.042615,392,18.286403
-2764.511068,1289,46.781379
6.756785,1,46.974259
-688.684662,376,49.68866
-307.039546,154,50.789774
-3292.526133,1181,76.760003
-892.364973,453,79.770163
-350.765828,151,80.859099
-842.932528,300,82.744834
-912.721793,315,101.878098
-990.752759,470,104.839225
-1425.302001,786,110.069872
-1215.475143,734,130.96017
-1143.302517,710,136.045529
-1911.06019,671,139.705985
8.736609,1,139.908925
-6949.477289,1727,167.184037
-26.611314,39,167.615893
-968.854981,347,169.72558
-2865.568913,1486,195.10861
-545.904552,844,199.821334
-485.715701,298,201.534479
-1226.350179,653,222.070083
-848.835107,871,227.990268
-2236.300792,1150,252.912692
-257.249597,202,254.12742
-1800.919461,1858,282.295946
8.153851,1,282.493657
-278.356275,399,284.750439
8.223552,1,284.951256
-90.70212,1256,311.705528
-399.150582,252,313.30863
-1041.51557,1110,320.273069
-160.257524,322,322.578794
-1200.278141,1705,351.741681
7.774403,1,351.943153
8.954137,1,352.13028
-75.203229,137,353.09106
-707.289343,441,372.997082
-95.699362,241,374.544268
-171.444008,337,377.146435
-493.961434,666,381.940131
-284.21683,863,405.872688
-2514.589533,1573,416.51614
-183.271105,829,440.770474
6.406809,1,440.969004
-121.708437,282,442.848924
-63.399284,326,445.63926
-18.47115,244,448.544306
-148.366113,212,450.855468
-472.92673,453,454.236814
-183.328722,475,475.139717
-26.56683,45,475.577471
-332.773269,508,480.001627
42.154894,194,481.861936
-744.922431,270,484.334867
7.927297,129,485.222886
-90.494083,246,487.302555
-730.379907,1101,512.513036
-27.621677,294,515.124799
-7.753999,180,516.925301
-994.486319,510,521.080909
-9.18325,89,521.723285
5.53399,1,521.911968
-136.736437,162,540.178313
-183.674057,430,543.703014
-298.94245,277,545.966419
-119.865525,219,547.727263
-23.557663,234,549.869347
-1105.274141,546,554.536136
-210.626711,331,573.845697
-34.176751,154,575.414086
-302.170851,732,582.200945
-728.373279,846,588.584647
-72.964816,461,610.922425
3.696744,1,611.119771
6.117843,1,611.294336
-597.298386,443,614.91638
-1458.890225,803,622.477876
-128.021075,200,623.99726
-170.224299,604,645.660748
-77.114957,214,647.314639
7.64157,1,647.546047
-330.432058,675,654.483472
7.70138,1,654.700522
33.74765,271,656.687691
1.732942,137,657.928717
16.700637,169,660.122535
42.442575,106,660.881446
-168.330943,175,662.373487
-83.788659,332,682.197942
2.219319,41,682.622056
7.008274,1,682.819638
-216.385125,238,684.964314
158.280957,346,688.005796
-560.490423,474,691.451518
8.832042,263,694.614532
6.911316,1,694.806818
-166.795211,236,697.713444
-84.849186,172,699.215741
-102.640638,247,717.993134
-107.457722,246,720.208957
-102.442605,398,723.284959
14.601577,364,726.662538
198.713625,391,729.563115
-599.048842,198,731.573818
-197.786594,549,753.629024
-71.880167,375,756.762758
7.559935,1,756.984778
-36.491811,198,759.041034
-656.298831,672,764.822747
-301.454925,153,766.211995
-150.283497,334,785.610917
-248.236014,438,789.242804
-286.685434,453,793.869777
190.30175,242,795.726791
-81.43267,119,796.792446
-102.152388,523,802.828827
48.826777,136,804.486356
35.009756,207,822.852006
-203.398315,633,828.154588
7.198277,1,828.363346
-1024.570742,630,833.412745
-748.362076,699,856.839752
37.645977,68,857.394751
-99.50011,172,858.502947
-18.605238,323,862.257699
9.096745,1,862.463723
-497.135095,288,864.236351
210.073767,548,868.578274
-36.852492,94,870.026114
-143.709604,377,872.460961
6.935589,1,872.659698
-26.524212,38,873.048243
-138.220979,323,893.485568
-63.081181,95,894.155386
113.753995,108,895.624918
-57.710717,129,896.593821
43.796277,428,900.515331
14.414994,213,901.765081
29.051322,423,905.790658
144.789488,293,908.503724
-14.434222,114,909.271288
-11.617246,377,930.584415
227.732696,556,934.867718
6.402631,1,935.062099
7.066838,1,935.242916
-309.559122,366,937.68662
7.345247,1,937.886336
320.969261,424,941.999747
-200.745524,195,943.716709
-3.999843,514,965.373676
-28.106157,200,967.349381
-2.040674,345,969.949748
-35.191087,180,972.138221
8.521166,1,972.340681
-128.600184,210,974.387403
-281.432044,237,976.691487
8.224004,1,976.898775
196.781175,280,978.428204
-806.643453,1491,1006.662746
8.336145,1,1006.863963
-28.436625,86,1007.53393
-1182.875127,330,1010.279478
-136.3141,491,1031.742318
-51.843767,128,1032.624147
6.429883,306,1034.728925
-429.19038,292,1037.493517
106.65476,592,1041.322222
-85.8704,1179,1067.287078
-356.67121,502,1070.669562
-148.163171,328,1073.948548
-149.352653,225,1075.862588
520.059185,429,1079.590277
45.230469,234,1099.017268
-436.342234,693,1105.804693
139.155698,271,1107.818188
-59.236044,473,1110.752444
-87.986008,469,1131.72509
32.275053,388,1134.148117
415.541092,703,1139.310567
-93.17576,153,1140.309694
6.272942,1,1140.510012
6.747328,1,1140.682922
317.8275,485,1144.206435
-242.464949,415,1163.011908
255.080833,229,1164.49904
-699.994491,1485,1175.469038
256.474336,492,1194.877127
-986.466951,1001,1201.496943
4.795492,1,1201.705717
-209.637827,750,1223.477714
652.976997,654,1228.720404
360.258639,364,1231.159591
-51.862197,340,1233.178469
9.154673,1,1233.374337
223.889195,816,1256.316568
222.498125,406,1259.685904
215.591383,433,1262.609421
131.375288,340,1264.568678
387.734897,524,1268.916872
-626.932924,457,1291.797356
145.038405,860,1296.862104
-32.28665,378,1299.865759
502.597672,621,1320.743491
284.303679,186,1322.247787
-183.041589,319,1325.146419
6.379606,1,1325.348258
5.510293,1,1325.551636
-68.259688,347,1328.316317
144.337025,353,1330.453388
-94.077949,815,1353.618742
169.636069,452,1356.242272
59.286229,204,1358.223451
74.224122,550,1363.09417
402.557909,532,1367.158151
216.925491,808,1388.732954
-114.517572,623,1393.936474
-725.89211,889,1417.620146
383.349286,413,1421.395424
-137.114035,222,1422.799958
-315.875642,696,1428.558918
134.378621,693,1433.832641
3.70537,1,1434.025121
-8.288074,44,1451.416858
93.25781,677,1456.180099
8.782262,1,1456.378454
-628.049609,524,1459.917415
520.134023,798,1464.984562
-96.986524,641,1486.592603
252.242335,1486,1516.57484
456.640721,488,1520.26602
670.916077,1119,1528.351531
683.983252,569,1550.184318
76.773475,236,1551.628041
-452.059588,457,1555.49682
-114.961903,334,1558.162466
24.095306,249,1560.484755
-435.346869,842,1583.723901
-198.28312,697,1589.348534
-19.125787,760,1594.599646
-1531.945259,1897,1625.293277
-45.022384,374,1627.865995
326.293747,1060,1654.372628
-279.309488,430,1657.892384
-482.712261,218,1659.256823
-66.249168,308,1661.644498
157.399828,221,1681.630243
193.6264,919,1688.053062
351.904101,979,1694.059984
586.231467,853,1716.153992
-537.932038,666,1721.851682
6.963009,1,1722.056613
-133.264506,930,1744.913616
81.991795,349,1746.941256
-262.124941,553,1750.6854
7.364433,1,1750.865915
1400.4755,1586,1778.156576
279.340812,579,1781.742141
72.106981,626,1786.89008
95.191813,100,1804.729558
249.284138,427,1807.545359
498.349348,825,1813.941345
-35.722729,860,1836.825473
170.920524,226,1838.76004
-419.039033,1063,1845.837933
224.158993,258,1847.756034
-2825.960436,1153,1873.334155
1469.840102,1296,1882.360007
-117.223988,573,1904.980338
-30.094097,244,1906.417863
6.523623,1,1906.614491
871.223195,695,1912.37564
-14.981482,40,1912.806788
884.13801,1072,1935.988853
-143.32731,103,1936.743593
-1306.406561,361,1939.268235
1387.372774,1323,1965.007159
-1187.069238,964,1972.277497
1476.4651,1035,1997.192311
-8.166261,499,2001.364349
625.286884,611,2005.452166
179.955948,111,2006.560861
-1121.104098,1543,2033.317451
-29.845084,149,2034.568512
8.034549,1,2034.76133
320.486851,897,2040.683268
106.283805,371,2059.788301
33.523502,323,2062.82638
558.555449,421,2065.198456
43.738791,208,2067.553125
577.715964,333,2070.299114
538.970557,1631,2098.439687
531.185816,1175,2124.266402
599.740187,493,2127.638569
548.131794,513,2131.642834
-2101.033722,1213,2156.04032
63.141167,204,2157.439077
587.492718,417,2160.94782
519.565914,475,2163.948564
707.144409,464,2184.471422
1583.514046,1213,2194.035692
8.463418,1,2194.23902
221.41161,936,2219.609697
75.730522,418,2222.928364
-3596.905781,2371,2255.558797
-3121.442806,962,2261.413517
412.131626,1394,2287.297382
444.395009,930,2309.722029
876.958373,901,2315.621518
603.994877,436,2318.078852
529.416043,327,2320.799898
676.501406,474,2341.384278
7.466344,1,2341.588015
1714.405326,1266,2350.039782
404.271566,750,2371.019877
-482.65549,935,2377.239684
589.432271,719,2381.956481
367.162382,225,2383.269243
-408.118257,1880,2412.241337
54.634206,147,2413.160708
95.369611,209,2432.47562
-3109.045995,1968,2462.015209
8.329241,1,2462.2266
351.181535,449,2466.082494
-39.164884,145,2467.740166
1521.26095,958,2474.459719
656.540199,366,2477.495071
1168.73618,974,2501.386029
6.62391,1,2501.586614
1605.48001,1037,2508.283865
169.69452,219,2529.671542
-315.825846,333,2531.721433
786.564921,465,2535.704685
617.164284,1316,2559.951405
44.347764,60,2560.480479
-12093.881041,2234,2592.007413
1111.783695,595,2595.371923
1166.82427,796,2601.147262
-824.150794,812,2623.158925
226.765251,215,2624.637934
-1142.632262,1540,2651.433279
580.855379,257,2652.994822
867.018784,479,2656.704844
1132.468587,835,2661.854566
-535.598377,1458,2689.666362
408.430251,474,2692.112978
723.351893,511,2711.734267
306.212238,181,2713.218318
-7701.084658,1660,2723.837111
858.433761,630,2744.799376
575.68136,866,2750.791503
249.436753,1200,2777.313682
653.505404,334,2779.762038
1613.608452,869,2785.922623
1615.693607,529,2807.361539
513.599813,575,2811.125627
5.836238,137,2812.334271
1476.06291,663,2816.416162
8.459785,1,2816.624603
-1599.770928,839,2841.547457
697.34019,1010,2849.445976
-124.997494,424,2853.008208
1408.817893,888,2876.795374
-4238.973291,1485,2903.119962
518.706615,699,2907.371857
361.032929,655,2911.210678
-1334.778594,1468,2936.424361
-990.142466,932,2942.561672
-24.327527,36,2942.975335
1193.161322,401,2962.148215
404.415952,557,2965.953254
2296.329031,889,2970.708748
1499.606056,778,2993.899564
745.166945,246,2995.935084
222.728123,868,3001.152087
1348.920669,673,3022.394125
326.268541,404,3025.693537
5.531988,1,3025.896049
273.086353,199,3027.475556
47.007885,765,3032.620458
8.080976,1,3032.825767
1257.826292,718,3054.012963
1023.642127,631,3058.158598
-1372.322074,1405,3084.2905
139.110718,134,3085.270667
2487.357526,847,3090.19913
8.882598,1,3090.404991
1182.502805,684,3095.832504
2985.677637,743,3117.555922
563.857235,343,3120.397132
328.577756,654,3124.092323
-4554.666448,1932,3155.089779
514.891636,259,3157.064432
26.421732,314,3176.714044
1292.443425,674,3181.683955
8.082687,1,3181.873256
319.031706,909,3187.880047
1574.165201,524,3207.986565
1198.914485,392,3210.500986
1147.502555,777,3216.150389
5.942002,1,3216.351257
662.897286,1158,3240.600459
677.696917,323,3242.950458
-3864.648684,2129,3273.907915
-222.344447,1219,3282.086605
-1524.986561,1076,3306.046933
7.997493,1,3306.244621
657.540283,292,3308.834164
1790.856802,646,3312.271733
502.531219,305,3331.357345
2095.506985,789,3336.67725
166.319514,1033,3343.115637
8.422661,1,3343.317103
-8876.021748,1658,3371.11833
1955.987619,1063,3396.189767
719.82294,273,3398.139691
-7303.558967,1320,3424.063953
1217.760189,1940,3455.404302
640.308322,267,3457.274173
1155.499555,337,3459.688298
7.285107,1,3459.897665
-1886.391077,620,3464.200595
1191.574951,449,3467.810275
1.869434,1334,3495.963419
759.997714,948,3502.985853
1086.399989,537,3522.959085
-2036.556364,699,3527.284936
2108.940539,603,3531.708153
-164.965384,230,3533.141028
745.15399,592,3553.522617
835.140015,547,3556.973467
1224.873978,447,3560.248729
8.201229,1,3560.446649
194.635372,214,3562.450748
1427.861592,536,3583.325393
-4130.280266,1813,3613.198451
-33.346396,366,3616.073021
-40.086419,276,3617.979618
7.810179,1,3618.174961
840.234418,663,3622.796309
914.380153,295,3625.57306
-660.948577,1334,3651.355237
-128.868081,964,3657.755398
775.793274,371,3677.446246
-752.798656,822,3683.185382
593.277324,446,3687.089806
6.244762,1,3687.294861
2601.271663,569,3691.332792
2255.841638,717,3714.029871
-43.017958,1094,3721.349869
1347.14807,932,3744.773015
938.372597,396,3748.188437
-9.986438,247,3750.319851
98.504119,322,3752.351565
1063.428236,1315,3778.47886
7.908182,1,3778.694498
1278.384855,582,3782.829672
891.756667,480,3786.519448
583.083724,269,3806.263378
-2094.152163,1266,3814.004318
1976.626455,1354,3839.79961
52.278269,488,3843.054918
148.32232,88,3843.730771
105.892715,107,3844.510648
1220.395334,646,3866.051043
-95.793677,481,3869.638123
1096.245271,1127,3877.249367
680.86881,382,3880.516227
731.35955,283,3898.921174
1737.192597,750,3904.723882
381.538127,580,3908.292213
261.364174,233,3910.456458
1785.594329,1043,3934.902637
2267.628834,876,3941.511627
991.138267,285,3943.420419
-2313.135858,2281,3994.011389
1960.292008,673,3999.174766
8.483581,1,3999.369268
472.987863,1069,4006.013981
1815.592908,485,4026.867683
2844.850458,1002,4033.383298
49.508987,72,4034.011543
1578.299544,1091,4059.642796
1250.099566,295,4061.318268
2011.039215,732,4066.336967
827.412986,866,4089.292786
187.990384,122,4090.771672
492.765982,1256,4099.962268
553.790237,239,4101.515592
1136.401444,1326,4127.029354
1827.814877,1011,4153.687232
790.185856,309,4156.357472
1209.398882,384,4159.425365
1731.83007,419,4162.858071
1850.098501,519,4166.031976
1244.43368,595,4188.147151
-1717.376073,1728,4216.175347
-2680.723398,1309,4224.394878
2578.105352,1421,4250.648477
1778.179075,994,4258.111958
2982.695917,1700,4286.852736
-5771.64457,1732,4316.388845
4301.359923,1327,4342.234987
-15.539446,47,4342.721509
2219.630267,619,4347.358441
1898.315959,863,4353.725908
750.727129,284,4374.033562
7.417483,1,4374.257448
2552.975101,987,4380.710247
1687.164798,990,4405.581465
2001.910187,428,4408.52749
43.646968,973,4415.360299
1808.35182,419,4418.454633
8.067761,1,4418.661201
964.216135,471,4440.047267
-376.336302,977,4447.747174
1953.313918,482,4451.509833
3436.214898,970,4475.333879
139.41669,96,4476.084067
8.903604,1,4476.28248
1925.321341,689,4481.728893
1350.652573,477,4484.772509
1755.833079,866,4509.687573
3056.049065,690,4514.893758
904.366525,499,4518.755363
2450.60429,1069,4545.43954
2374.068995,811,4550.371451
2556.654491,601,4572.025706
1591.788915,492,4575.634566
1367.234319,388,4577.986135
537.360111,174,4579.458675
76.351506,279,4581.331078
5.018301,1,4581.534431
-1651.087037,1634,4609.939839
-1184.552106,1122,4634.228558
8.184487,1,4634.43094
8.311993,1,4634.62243
652.981171,297,4636.602063
1974.075487,474,4639.89753
1863.870342,903,4645.77422
1162.630098,1106,4671.66348
379.828192,977,4677.961847
2144.008643,525,4699.215503
1291.185543,1436,4709.828411
1205.296463,1278,4736.596545
2206.66101,649,4740.870673
387.642973,522,4761.22313
1007.647345,353,4764.592046
3769.830026,1050,4772.061982
1373.372062,488,4792.949682
7.034072,1,4793.150072
1218.442282,868,4798.883787
-10883.755515,2003,4830.780309
3087.756361,577,4834.880606
5.13838,1,4835.084682
842.90214,530,4838.271861
682.240204,481,4859.936659
2053.17491,434,4863.008831
-3102.449932,1170,4888.219057
2872.97862,1574,4898.658049
677.495917,209,4900.051243
1641.782798,547,4920.67941
-2269.84443,847,4925.973335
2056.612306,799,4931.6214
1902.792243,488,4952.259035
3188.805487,1130,4960.493657
8.446048,1,4960.714485
3329.440597,1042,4984.590027
7.523642,1,4984.810633
-1805.932958,1014,4992.161248
-1820.234395,1484,5019.556113
6.42819,1,5019.780717
2200.138677,952,5027.144494
8.942403,1,5027.353147
1633.238558,1816,5057.985484
2282.295714,578,5079.101953
1262.128642,665,5083.73991
2334.125724,1258,5109.422643
32.329285,56,5109.923028
1507.164382,1064,5117.618388
6.745622,1,5117.819433
5.307484,1,5118.008434
1372.159181,533,5122.110518
-1161.696055,1399,5148.921062
685.449291,286,5150.700347
2718.52745,979,5174.462074
3129.973769,1128,5182.170698
3309.93618,889,5205.254247
-21.419559,187,5206.442098
159.463617,103,5207.576842
2814.443613,659,5212.927347
960.880855,356,5215.654074
746.791176,243,5217.757925
2434.745676,572,5238.435902
629.653388,221,5240.24827
211.063769,1348,5249.647649
1768.147936,406,5269.747171
4237.512888,942,5275.86412
2739.755923,533,5279.428038
3232.875283,1074,5303.696486
1742.228311,616,5307.808107
1769.551115,498,5311.655526
4319.728036,1220,5337.808486
4.77352,1,5338.014531
2449.310138,1181,5363.255345
1057.409685,284,5365.713273
8.147389,1,5365.947675
2966.099387,803,5371.68877
111.964693,667,5376.296669
8.56876,1,5376.498655
3795.996436,1014,5399.168711
1718.911479,1277,5425.505361
1568.813173,1006,5431.825879
637.05295,235,5433.528162
697.159774,197,5434.721086
623.64349,269,5436.613919
2473.089731,543,5457.360843
952.470833,1064,5464.267653
3199.830864,1185,5489.545659
1795.451813,338,5491.787021
3120.875557,1974,5521.829518
1295.350909,746,5526.422937
3271.506614,809,5549.314728
2834.042222,593,5553.244818
1248.016801,717,5557.375142
-4390.35327,1672,5584.955012
1310.201093,426,5588.117498
1267.049026,448,5608.891792
1630.998954,627,5612.552619
-61.128845,163,5614.118808
-277.955676,358,5616.423465
3381.422289,890,5640.311865
3949.349497,1027,5647.265782
2102.574214,606,5651.5405
2749.519108,1293,5678.381096
47.066259,68,5678.985976
1007.996591,305,5681.664309
2194.614589,516,5685.159927
4953.822956,1398,5709.993018
7.556179,1,5710.199063
1399.607351,365,5712.579679
1989.768424,374,5715.391459
1566.877345,472,5735.327827
2298.345471,628,5739.626323
1811.809545,483,5743.165256
2059.976597,495,5746.255031
1572.483995,891,5770.251734
607.781381,172,5772.260903
2053.330097,499,5775.186315
1144.290183,390,5778.239318
4632.471707,1476,5804.962375
2353.93595,639,5809.348747
1450.76627,1051,5833.245479
4529.153653,854,5839.067016
2083.199995,751,5861.085619
758.916457,743,5865.973233
2451.379326,1265,5891.765817
2855.803289,1014,5898.249058
4638.682581,1013,5921.970078
444.142424,155,5923.435013
6.479154,1,5923.637982
-384.189581,480,5927.392136
6.478545,1,5927.587103
1173.35148,698,5931.921015
4.864944,1,5932.114767
6.417795,1,5932.289305
5016.663383,1061,5956.802131
2722.719715,896,5963.697275
2704.232985,962,5987.592288
1919.108304,409,5990.0079
4340.337009,1675,6017.19811
1205.057271,361,6019.671411
3871.056752,1485,6045.401837
1158.933396,673,6049.558557
-96.238842,1257,6074.762411
3551.720852,763,6079.991044
2800.693137,652,6084.274427
1656.460229,519,6104.284284
2912.006953,919,6110.45961
3930.712121,1372,6136.488055
-140.30838,150,6137.597652
396.26662,190,6139.163509
6.997352,1,6139.360405
3233.037069,944,6145.039636
-30.971017,19,6145.333047
3140.682128,833,6167.955713
1145.655402,290,6169.797364
1725.025113,962,6176.255119
1873.447988,592,6196.606055
2702.619547,747,6201.743933
1600.073017,606,6205.9473
5120.110432,874,6228.60133
2831.011182,1672,6256.983685
-4718.581654,1222,6266.511019
3124.762455,556,6269.921595
57.071779,66,6270.56179
3341.319048,700,6295.13053
6.429594,1,6295.327605
466.702735,884,6301.613707
2120.085486,470,6304.712087
3599.124154,1175,6329.445046
5594.808129,1301,6354.821251
7269.661504,1322,6363.240003
2621.579802,969,6386.454821
5763.831384,1078,6394.346997
5503.578872,1023,6418.560127
886.77175,328,6421.961062
3247.516883,699,6426.410766
6284.983095,1700,6454.797638
228.453674,124,6455.698427
7705.667502,1749,6483.718632
2994.551735,611,6487.238569
2126.94643,641,6508.490984
4598.450592,1305,6517.423225
5206.250761,1056,6542.164352
430.708232,1656,6568.173674
240.237628,114,6569.034754
8.280564,1,6569.238787
4788.240741,1146,6578.427389
1432.440151,715,6602.285823
4533.224954,747,6607.482691
2871.268775,571,6611.741521
4662.856535,1222,6637.050931
-243.361049,305,6639.15577
5954.396077,1927,6667.637608
2160.773727,1244,6693.504699
3194.477158,1125,6700.938865
2241.398721,436,6704.055576
2032.101136,413,6723.478534
3654.712128,817,6729.10769
3742.729906,850,6734.328078
3105.959186,832,6756.595384
3544.077124,651,6761.455494
4478.436933,1115,6786.274032
8.242436,1,6786.479764
1636.6634,490,6789.570498
398.409996,283,6791.352339
-709.253453,660,6796.274561
2380.022833,822,6816.667919
4002.745021,1147,6824.210802
2041.344315,481,6827.964884
6219.672729,1233,6853.962339
2728.86592,1203,6880.957233
4092.034163,1013,6887.631004
5298.429731,1522,6916.836509
2442.850829,472,6920.655063
3841.084645,1356,6947.607105
1304.891093,610,6951.873169
3232.944668,1775,6982.397031
-26.675569,36,6982.996352
3389.886889,1011,6989.690281
4446.902487,1966,7019.51429
2650.160321,1109,7043.559121
715.715913,178,7045.092412
6216.569107,1110,7070.91598
8.340666,1,7071.117826
2548.187745,431,7073.787062
6439.540658,1000,7081.684073
5577.991167,1381,7107.248037
2870.803757,930,7113.63828
6883.123403,2027,7144.65643
3346.553922,1578,7172.219104
5594.613674,1197,7197.967611
5321.884838,2665,7233.269866
3633.789009,683,7237.547169
4373.208891,927,7260.811816
2608.42126,1660,7289.580156
3776.998093,831,7295.972845
7433.728649,1500,7323.126903
834.073231,173,7324.545526
7317.03158,1660,7352.949451
734.96322,525,7356.420115
3524.617813,480,7359.740027
4547.084353,1752,7387.388992
3565.385244,602,7391.442572
7870.754461,1740,7419.912174
1698.161859,304,7422.48325
6533.680066,1793,7451.193094
5668.489792,831,7473.666349
6855.186389,1688,7484.626546
1634.871328,382,7504.930788
6.156223,1,7505.142105
5482.7751,800,7510.757436
3451.033353,1260,7537.798566
1109.150524,309,7540.032611
2133.36064,747,7544.958785
8160.666035,1557,7571.923264
3174.288975,472,7575.522318
6911.311463,1712,7602.738846
8029.173054,1485,7628.965839
1076.59213,1540,7638.624749
3207.038811,627,7659.276448
1927.684191,778,7664.580419
3438.020486,735,7686.18683
621.324817,183,7687.378995
3724.481332,644,7691.96084
5067.001188,1242,7717.224645
6910.09287,1906,7730.200035
4154.533557,2099,7760.728459
2206.219808,651,7782.363946
6130.781688,1287,7790.454104
5044.65115,735,7812.048156
42.762101,57,7812.57128
5286.87505,819,7818.599139
5609.532147,805,7842.139127
3660.749683,546,7845.641622
8460.327979,1297,7871.591791
65.362495,74,7872.201431
169.676731,84,7872.89989
10518.948621,1533,7883.197117
3683.904501,781,7904.44086
4041.309241,748,7909.217942
5497.113022,744,7914.175561
298.348174,1510,7940.154174
3051.148685,523,7943.953928
4886.365011,1524,7970.578529
8607.335067,1571,7998.167751
6078.288865,1542,8025.218618
5397.717014,1380,8034.458085
2413.540344,507,8054.145567
3574.288254,687,8058.357333
6334.653912,1183,8083.62593
8639.947081,1507,8093.435325
6162.995602,972,8117.295053
5826.36643,831,8123.668578
188.862675,82,8124.35423
4069.566448,697,8147.922518
10567.048781,2455,8181.473044
2453.893146,350,8183.991844
8982.417857,1316,8208.9067
4025.579362,535,8212.588485
4668.072946,838,8218.154371
6156.000223,1014,8241.903027
7054.011283,2070,8272.21634
651.546442,238,8273.960942
6007.180666,945,8280.364455
2883.679318,639,8301.044738
2209.531545,1272,8308.791106
7104.890397,1922,8338.905489
6789.289401,892,8362.519808
6925.266429,1310,8371.428006
3086.554832,888,8394.080631
4303.797742,561,8397.462608
10683.127998,1823,8426.741041
7597.660423,1014,8433.528143
5299.818788,1753,8463.879369
7845.196083,1049,8488.378874
8348.912841,1334,8496.953265
24.747276,56,8497.480696
12171.629989,1529,8524.849058
7.359044,1,8525.073949
4311.771846,552,8529.064475
4211.590833,672,8550.000718
6616.358457,1009,8556.581509
6974.347443,1279,8581.904792
10055.528698,1414,8607.399304
10497.208332,1700,8619.347162
184.460621,765,8641.527493
4452.619961,1065,8648.523934
3768.711659,515,8668.730318
8221.511189,1146,8676.105882
2915.603074,965,8699.682462
7636.99051,1197,8707.32943
9843.359372,1636,8735.185077
9443.946326,1404,8762.927813
8380.43461,1171,8770.479361
839.391336,152,8771.579495
11198.312899,1669,8799.30348
11535.422772,1303,8824.605823
7.072746,1,8824.805653
4418.107311,1182,8832.158752
9396.89618,1414,8858.771873
11883.941507,1576,8886.689833
3689.170606,702,8891.055033
2574.302554,1465,8918.360581
6234.353348,1307,8926.788049
4212.74335,601,8947.39944
13287.869816,1716,8976.827616
2289.73741,391,8979.338819
10012.581284,1317,8988.340729
5.545107,1,8988.550028
10924.533001,1390,9013.812871
11134.152275,1701,9041.222861
6789.855357,914,9047.959056
1781.463756,318,9067.893509
9952.594987,1068,9075.434966
8502.335487,1043,9100.01654
9370.032601,2076,9130.666803
5816.185648,977,9136.82703
50.581384,72,9137.663861
11614.160564,1594,9163.909002
11022.467,1620,9190.294522
5696.714545,1067,9197.611577
4849.493978,808,9219.926504
9957.651225,1698,9231.304854
8070.418367,1058,9254.19922
7.410196,1,9254.401161
9267.197535,1498,9280.929677
6607.13272,973,9287.53986
14919.307643,1950,9317.314757
9803.679727,1281,9343.497081
5031.656544,659,9348.253829
7860.548034,1194,9374.141691
7.787188,1,9374.362679
11832.353439,1340,9382.993439
6091.523636,1110,9407.171141
564.670156,228,9408.845752
9088.2577,1344,9434.701493
11145.808272,2188,9466.346857
562.966958,184,9467.597655
54.321142,59,9468.139481
12200.002213,1432,9477.420061
13623.288292,1533,9504.259361
7.97704,1,9504.461564
5.939361,1,9504.657487
12822.401585,1540,9531.781056
5658.271626,1172,9556.016384
13607.266016,1708,9567.562809
2833.855821,1005,9590.704675
11012.937795,1180,9598.196045
11448.318194,1614,9625.003365
3709.152639,568,9629.365075
12235.37812,1610,9656.107772
9172.148182,1287,9682.45837
6.174747,1,9682.680933
308.716123,124,9683.629355
7347.200746,1038,9690.387916
14066.562809,1958,9720.903406
10112.464485,1599,9747.687643
3335.270965,974,9770.579323
7.690433,1,9770.77314
8740.046951,1139,9778.094068
6629.936067,2131,9808.367506
7.836622,1,9808.584107
1503.524291,462,9828.876109
7.892516,1,9829.080459
5725.72143,743,9833.406472
4463.021013,533,9837.385397
74.788287,65,9837.966117
11810.087704,1469,9864.370714
16400.182996,2180,9895.106368
5368.828255,1101,9901.859622
-25.323168,34,9902.253313
16660.940135,1862,9931.66081
15054.038771,1604,9959.469747
14590.255606,1737,9989.506463
-38.151937,26,9989.91774
8370.599119,1522,10019.572664
6548.873869,794,10024.822477
4333.908583,613,10028.562153
6.681959,1,10028.764982
5379.794856,622,10049.469588
15310.164477,1827,10077.481463
10454.532153,1369,10086.2599
10910.485315,1190,10110.53207
5977.464323,935,10116.244748
7.134389,1,10116.459654
15274.17074,2291,10166.074019
15835.48988,1984,10179.060776
583.198354,134,10197.229096
6.468751,1,10197.435929
7.577236,1,10197.618869
211.663789,91,10198.342391
108.426932,74,10198.954653
16452.225205,2136,10229.263983
220.206331,121,10230.450696
14521.098666,1648,10257.595682
6622.274567,923,10264.199821
13988.696045,1644,10292.86457
9776.752457,1440,10301.701793
19536.787622,1765,10332.356533
5193.301161,765,10356.515679
7716.778339,1087,10363.187248
13777.888003,1906,10392.173268
17014.12478,1845,10421.335925
8.191267,1,10421.534768
14444.954947,1440,10447.173822
12172.41705,1368,10456.069865
14072.026904,1927,10485.20411
6.330212,1,10485.405055
7611.972875,852,10508.153989
17340.163459,1825,10536.43452
12289.747474,1407,10545.423622
217.020223,84,10546.114747
4461.993069,757,10568.53722
14304.8783,1402,10577.854522
10698.268797,1256,10603.612688
14684.53911,1647,10634.236337
14327.800098,1586,10661.40735
6.741259,1,10661.636692
17319.313311,1615,10672.128129
8.388859,1,10672.339572
78.095974,75,10690.142028
18094.830146,2104,10720.152784
18890.758301,2047,10751.3547
17469.002483,1785,10763.612957
4181.814589,611,10783.760334
15334.069864,2041,10811.477536
14604.183601,1925,10840.619479
10155.02213,3182,10879.326813
13102.568757,1378,10905.71984
15989.168564,1722,10934.623538
12294.089028,1751,10963.380401
13620.808315,2107,10993.437292
7.436891,1,10993.644602
18685.344908,2251,11025.347966
15768.92802,2256,11056.697725
13159.622394,1421,11065.071435
17560.775014,2162,11113.305911
8.786939,1,11113.522126
10629.69419,1294,11121.640509
15951.050003,1890,11149.972098
9243.68078,1147,11173.918233
9376.738476,1026,11180.797822
13373.721485,1232,11206.464005
7.507763,1,11206.660156
13324.543489,1591,11234.319983
17639.515023,1989,11266.870382
10737.580428,1358,11276.462823
9052.191789,1226,11302.094757
13122.109634,1985,11331.858575
11780.757007,1495,11341.869021
302.592192,274,11360.495456
13281.13198,1552,11370.197933
4331.969608,506,11389.963796
3867.760354,642,11394.71834
1915.172824,498,11398.0105
16273.580158,1668,11424.947932
15839.705448,1686,11453.032753
8.358103,1,11453.232577
13352.391542,1606,11479.555961
-0.878822,82,11480.236579
11636.558489,1255,11488.429119
7525.578881,896,11511.065157
15621.837488,1655,11522.217426
19377.931229,2247,11574.442444
19761.90155,2036,11603.548681
11576.369496,1182,11610.853085
17040.646919,2320,11642.114086
2234.036373,529,11663.265892
18393.419529,1668,11673.247012
8882.445161,948,11696.899929
10662.636681,1157,11703.66013
8.748452,1,11703.858796
10360.907455,1250,11728.712883
16375.503124,1834,11756.473671
11855.572661,1675,11784.015055
22162.031348,2627,11818.893104
192.090819,79,11819.576378
11048.020124,1295,11845.638975
8461.118347,1189,11853.649204
19623.756381,2480,11886.628929
8147.576465,1344,11912.84036
9420.904214,1200,11937.764564
467.992717,116,11938.658239
14351.96897,1571,11964.840137
13725.594956,1370,11973.8454
8.269266,1,11974.046318
15732.875583,1753,12002.436149
2111.967222,393,12005.360552
15311.495944,1310,12029.299802
324.547879,114,12030.087607
14286.803127,1468,12056.722623
14417.407988,1713,12067.000155
12308.880344,1208,12091.306306
7.981004,1,12091.510568
9604.643803,1384,12117.481931
6.796666,1,12117.675684
9719.399791,1140,12124.213838
8.315043,1,12124.408558
19148.932358,1889,12153.197091
20033.687504,2195,12186.642673
18486.674508,1819,12217.29283
7.44371,1,12217.5125
7.348097,1,12217.707449
19180.741376,1967,12246.908756
17321.215097,1913,12276.026563
15202.5288,1423,12301.378348
7.337168,1,12301.571616
15971.153019,1708,12329.817275
8.533144,1,12330.016225
10000.341931,1267,12337.470718
12349.548303,1493,12364.736272
8959.841685,1150,12390.975974
12344.636866,1569,12401.786968
14588.702472,1814,12430.317144
17953.573534,1968,12460.206653
12288.104947,2004,12492.152652
17373.267928,1857,12521.51557
7518.154598,931,12527.944309
15722.715329,1438,12554.446491
16354.527348,1491,12580.811656
6.641117,1,12581.035704
12854.60791,1304,12606.879501
54.162405,54,12607.397893
20307.450465,2743,12641.982749
20836.036668,1991,12671.702751
16154.488489,1518,12698.191006
18220.393336,1708,12710.226918
597.898329,152,12728.408767
6.267,1,12728.611406
28.764548,47,12729.080411
9210.040337,1070,12736.606654
9390.671962,1014,12759.688048
14826.284693,1249,12767.938455
45.128965,53,12768.49015
14895.635068,1506,12794.610718
12430.450196,1536,12821.801906
22247.284569,2008,12853.223038
5561.861934,574,12856.79679
18638.446673,1669,12884.103706
14121.011906,1321,12891.80492
10790.343729,1093,12915.851711
13211.228561,1410,12941.798173
17972.810102,1838,12970.946016
5567.259045,574,12974.240968
8.017292,1,12974.452999
4587.313341,551,12978.528078
7881.914421,1365,13003.612329
9780.717548,1230,13011.487126
28.053694,54,13012.01817
12378.299195,1449,13038.01834
21652.918648,2124,13070.093319
20562.270338,2213,13100.297617
7521.539431,972,13126.265518
5.126574,1,13126.517983
11047.110981,1080,13134.042298
18192.626939,1792,13164.57387
8.053673,1,13164.782921
7.51918,1,13164.967377
8.224845,1,13165.149948
4.565232,1,13165.333785
7300.644117,819,13170.85376
22895.222398,2107,13220.547942
15196.701521,1576,13231.200935
14460.190458,1622,13258.517331
19453.335427,1988,13288.141869
16019.814581,1542,13314.832395
19341.613533,1818,13342.847897
20938.885882,2145,13374.293856
7.437002,1,13374.504405
4639.943979,543,13378.055481
23581.60692,2662,13411.547277
16436.67396,1941,13440.473892
19632.416748,1848,13469.234138
13673.127296,1243,13493.912459
6.983158,1,13494.099468
8.163919,1,13494.278561
17281.343044,1530,13520.696706
18963.191978,1792,13532.231749
-34.106117,30,13532.610811
21051.272083,2022,13562.893555
5603.869524,602,13583.701241
20102.137084,2388,13616.957224
7966.382417,765,13621.850094
5823.921806,1529,13649.153966
24029.923742,2093,13678.521948
477.55884,143,13679.56192
67.095849,81,13680.28996
12739.260714,1184,13704.878936
22516.021296,2710,13738.905618
23251.917538,2143,13770.38151
16777.538811,1473,13796.783945
7.787198,1,13796.982617
17005.43915,1645,13824.874229
22706.275811,2043,13855.989608
19764.804118,2159,13887.218552
24530.303597,2019,13916.869291
23649.689644,2229,13948.562925
6.675226,1,13948.799149
20772.688575,1885,13977.999542
14286.960481,1400,13986.749103
19193.838667,1860,14016.289473
7.549503,1,14016.490939
6.929497,1,14016.677245
11557.992893,1361,14044.158981
22045.994377,2441,14076.421059
6.400843,1,14076.630323
25226.084241,2369,14108.894906
22277.511428,2009,14139.386719
7501.755317,909,14163.483112
13425.915416,1235,14170.920366
169.622351,144,14172.016104
21661.27813,1928,14201.633738
25952.913409,2522,14234.040507
18462.268022,1774,14262.338245
23764.73687,2108,14292.044728
23084.498497,2047,14322.414507
13564.667131,1091,14346.774234
25312.876627,2314,14378.938114
12954.747088,1269,14404.594488
24319.723408,2007,14435.005019
31747.028383,2697,14468.151262
6.694605,1,14468.364436
16709.87086,1475,14495.950986
14059.147529,1472,14505.784338
258.410928,96,14506.581905
22131.784549,2138,14536.571687
632.093572,271,14555.821033
11898.349936,1174,14563.871149
10940.598256,1045,14588.697328
12844.451512,1359,14598.208169
6.869232,1,14598.420212
30545.47795,2603,14649.963022
7.831748,1,14650.170569
2028.949877,414,14653.270538
24101.175601,3112,14690.273282
28111.165297,2811,14742.467648
19353.138501,1733,14769.596776
25423.980443,2180,14801.564381
5882.62858,747,14806.317523
30558.172607,2827,14841.065952
24224.973365,2203,14872.239409
13335.84262,1341,14898.529094
23084.956171,1908,14928.587646
766.402933,324,14930.577768
11505.236888,1166,14956.233538
128.481325,92,14958.069925
24633.73766,2377,14990.621549
21.858682,50,14991.135157
25393.199317,2055,15021.297494
5302.730538,617,15024.944417
21033.650042,2064,15054.435559
28224.571493,2873,15107.7087
27549.523034,2361,15140.30337
17168.525664,1374,15165.625847
30663.452303,2696,15199.088092
10428.339793,1023,15205.404723
27055.775276,2295,15237.146048
18670.435765,1635,15265.028714
7.109976,1,15265.244493
19873.239741,1670,15293.156111
16244.848847,1367,15319.606812
18137.267567,1606,15347.511707
4156.325715,503,15350.529272
22296.431018,2041,15380.980312
23323.834576,2010,15411.929616
26134.432519,2159,15442.416803
24766.051834,2480,15474.118509
27999.460025,2664,15509.206801
31242.163054,2917,15561.443914
76.012905,75,15562.094129
7.930957,1,15562.301511
11842.419291,1055,15568.865054
33549.414707,2660,15618.134317
35790.395739,3458,15657.186909
11227.738643,1079,15680.711653
21734.770358,1782,15710.43025
13682.354676,1244,15718.512782
30220.923584,2516,15769.509091
98.899602,79,15770.184794
32128.405269,2897,15805.038452
39895.021276,3753,15863.59078
15710.051316,1219,15871.323673
34.655717,59,15871.874125
31897.178757,2933,15922.508946
24644.761032,1978,15949.757565
36812.030422,3872,16004.195556
8.083499,1,16004.394592
7.372142,1,16004.581162
34541.579115,3958,16061.627977
13321.776767,1276,16069.278152
15792.94046,1343,16095.841747
753.569651,151,16096.913399
27661.915035,2071,16126.058806
32509.560495,2600,16158.272946
36708.036803,3109,16210.672402
9090.348787,1195,16218.109981
26059.110657,2057,16247.813487
23274.090472,1865,16275.773584
28702.771439,2675,16326.130917
31459.746533,2937,16360.742967
23464.723873,1680,16389.882938
35440.855769,3243,16425.195329
876.536609,169,16442.448303
18075.028731,1517,16451.189595
17339.434063,1335,16476.663455
30468.357907,2344,16506.980131
28749.894706,2227,16536.828279
34222.60927,2857,16587.916526
18384.427796,1374,16595.765509
40953.480356,3704,16651.743511
40293.568453,3881,16708.600451
28906.155778,2376,16739.86002
36978.82471,2986,16789.825839
37366.058977,2935,16823.719949
29328.756817,2562,16857.276506
33606.319298,2768,16907.220232
8.100711,1,16907.420722
42710.063884,3170,16944.750412
-30.283075,38,16945.177398
33162.506809,2862,16997.959092
14564.604081,1319,17006.980149
38676.284174,3122,17058.272585
40483.114125,3174,17095.975886
31482.438755,2400,17128.462936
-15.262639,61,17128.988316
34439.249625,2746,17178.922117
7.131721,1,17179.118613
6697.454373,739,17183.7791
27051.938906,2040,17212.541064
35324.680117,3171,17266.579233
1223.318468,290,17268.908438
36985.846785,3591,17326.833172
35173.034107,3314,17363.807244
5.925477,1,17364.013474
27288.384129,2116,17394.196879
41737.009011,3372,17448.673583
43560.82568,3546,17503.724364
36451.162568,2675,17535.638884
44261.811051,3520,17590.863064
10595.070955,1065,17597.267136
44106.978709,3954,17656.978174
38820.960852,2989,17708.006503
6.892101,1,17708.205062
36352.305608,2969,17742.708405
37466.370544,3629,17797.794992
44370.313179,3970,17856.181551
38388.71521,2926,17890.939673
39555.098162,3469,17947.927616
26277.975704,2074,17976.919462
4283.188649,550,17980.965218
46484.808581,3593,18035.068472
15244.103281,1858,18063.74529
41210.668657,3417,18102.754887
39338.413771,2912,18153.222723
39344.743968,2737,18186.734218
37135.34488,2931,18238.513477
49117.468057,4178,18299.769534
30656.88875,2393,18332.875468
5.310454,1,18333.105349
26016.103054,1879,18361.488611
46874.353091,4006,18418.777766
13669.611922,1080,18425.601715
39753.913975,2844,18476.76695
48360.061502,4168,18536.553021
32821.538337,2440,18569.651814
27823.994163,2074,18599.335735
51858.338086,3814,18655.843411
19517.881962,1932,18685.023103
52646.584896,5001,18748.774989
